-- phpMyAdmin SQL Dump
-- version phpStudy 2014
-- http://www.phpmyadmin.net
--
-- 主机: localhost
-- 生成日期: 2017 ?03 ?15 ?23:43
-- 服务器版本: 5.5.47
-- PHP 版本: 5.5.30

SET SQL_MODE="NO_AUTO_VALUE_ON_ZERO";
SET time_zone = "+00:00";


/*!40101 SET @OLD_CHARACTER_SET_CLIENT=@@CHARACTER_SET_CLIENT */;
/*!40101 SET @OLD_CHARACTER_SET_RESULTS=@@CHARACTER_SET_RESULTS */;
/*!40101 SET @OLD_COLLATION_CONNECTION=@@COLLATION_CONNECTION */;
/*!40101 SET NAMES utf8 */;

--
-- 数据库: `c8ms_com`
--

-- --------------------------------------------------------

--
-- 表的结构 `dd_alipay_log`
--

CREATE TABLE IF NOT EXISTS `dd_alipay_log` (
  `id` int(11) NOT NULL AUTO_INCREMENT,
  `out_trade_no` varchar(100) NOT NULL,
  `trade_no` varchar(100) NOT NULL,
  `total_fee` float(10,2) DEFAULT NULL,
  `create_time` int(11) NOT NULL DEFAULT '0' COMMENT '日志记录时间',
  `seller_email` varchar(50) DEFAULT NULL COMMENT '卖家支付宝',
  `buyer_email` varchar(50) DEFAULT NULL COMMENT '买家支付宝',
  `seller_id` varchar(50) DEFAULT NULL COMMENT '卖家支付宝id',
  `buyer_id` varchar(50) DEFAULT NULL COMMENT '买家支付宝id',
  PRIMARY KEY (`id`)
) ENGINE=MyISAM  DEFAULT CHARSET=utf8 COMMENT='支付宝支付记录' AUTO_INCREMENT=2 ;

-- --------------------------------------------------------

--
-- 表的结构 `dd_autoreply`
--

CREATE TABLE IF NOT EXISTS `dd_autoreply` (
  `id` int(11) NOT NULL AUTO_INCREMENT,
  `keyword` varchar(50) DEFAULT NULL,
  `type` tinyint(3) DEFAULT NULL,
  `content` text,
  `status` tinyint(3) DEFAULT '1',
  PRIMARY KEY (`id`)
) ENGINE=MyISAM  DEFAULT CHARSET=utf8 AUTO_INCREMENT=6 ;

--
-- 转存表中的数据 `dd_autoreply`
--

INSERT INTO `dd_autoreply` (`id`, `keyword`, `type`, `content`, `status`) VALUES
(5, '关注', 1, '欢迎关注', 1);

-- --------------------------------------------------------

--
-- 表的结构 `dd_buylog`
--

CREATE TABLE IF NOT EXISTS `dd_buylog` (
  `id` int(11) NOT NULL AUTO_INCREMENT,
  `uid` int(11) NOT NULL,
  `money` float(10,2) NOT NULL,
  `buyid` int(11) NOT NULL,
  `kid` int(11) NOT NULL COMMENT '结果',
  `starttime` int(11) NOT NULL,
  `endtime` int(11) NOT NULL,
  `yingmoney` float NOT NULL,
  `status` tinyint(4) NOT NULL COMMENT '1进行中，2结束',
  `isid` int(11) NOT NULL,
  `type` tinyint(4) DEFAULT '1' COMMENT '1大小 2点数',
  PRIMARY KEY (`id`),
  KEY `uid` (`uid`),
  KEY `kid` (`kid`)
) ENGINE=MyISAM  DEFAULT CHARSET=utf8 AUTO_INCREMENT=5 ;

--
-- 转存表中的数据 `dd_buylog`
--

INSERT INTO `dd_buylog` (`id`, `uid`, `money`, `buyid`, `kid`, `starttime`, `endtime`, `yingmoney`, `status`, `isid`, `type`) VALUES
(1, 16, 10.00, 8, 2, 1488453062, 1488453114, 0, 2, 6, 1),
(2, 16, 10.00, 1, 4, 1488453213, 1488453257, 0, 2, 6, 2),
(3, 16, 10.00, 8, 10, 1488457043, 1488457097, 0, 2, 6, 1),
(4, 29, 10.00, 8, 37, 1488703762, 1488703801, 0, 2, 5, 1);

-- --------------------------------------------------------

--
-- 表的结构 `dd_charge`
--

CREATE TABLE IF NOT EXISTS `dd_charge` (
  `id` int(11) NOT NULL AUTO_INCREMENT,
  `user_id` int(11) DEFAULT '0' COMMENT '用户ID',
  `money` float(10,2) DEFAULT '0.00' COMMENT '金额',
  `payway` varchar(10) DEFAULT NULL COMMENT '支付方式',
  `create_time` int(11) DEFAULT '0' COMMENT '创建时间',
  `status` tinyint(3) DEFAULT '0' COMMENT '状态，0待支付，1已完成',
  `pay_time` int(11) DEFAULT '0' COMMENT '支付完成时间',
  `paid` float(10,2) DEFAULT '0.00' COMMENT '已支付',
  PRIMARY KEY (`id`)
) ENGINE=MyISAM  DEFAULT CHARSET=utf8 AUTO_INCREMENT=7 ;

--
-- 转存表中的数据 `dd_charge`
--

INSERT INTO `dd_charge` (`id`, `user_id`, `money`, `payway`, `create_time`, `status`, `pay_time`, `paid`) VALUES
(1, 16, 1.00, 'wxpay', 1488451935, 0, 0, 0.00),
(2, 16, 0.10, 'wxpay', 1488451959, 0, 0, 0.00),
(3, 26, 30.00, 'wxpay', 1488685692, 0, 0, 0.00),
(4, 26, 30.00, 'wxpay', 1488685692, 0, 0, 0.00),
(5, 22, 10.00, 'alipay', 1488944800, 0, 0, 0.00),
(6, 22, 10.00, 'wxpay', 1488944837, 0, 0, 0.00);

-- --------------------------------------------------------

--
-- 表的结构 `dd_charge_log`
--

CREATE TABLE IF NOT EXISTS `dd_charge_log` (
  `id` int(11) NOT NULL AUTO_INCREMENT,
  `user_id` int(10) DEFAULT NULL,
  `money` float(10,2) DEFAULT '0.00',
  `remark` varchar(255) DEFAULT NULL,
  `create_time` int(11) DEFAULT NULL,
  PRIMARY KEY (`id`)
) ENGINE=MyISAM  DEFAULT CHARSET=utf8 AUTO_INCREMENT=22 ;

--
-- 转存表中的数据 `dd_charge_log`
--

INSERT INTO `dd_charge_log` (`id`, `user_id`, `money`, `remark`, `create_time`) VALUES
(1, 1, 1000.00, NULL, 1482759209),
(2, 3, 5000.00, NULL, 1482766436),
(3, 4, 100000.00, NULL, 1482774919),
(4, 2, 1000.00, NULL, 1482776162),
(5, 14, 1000.00, NULL, 1482804106),
(6, 2, -1.00, NULL, 1482850025),
(7, 18, 50.00, NULL, 1482905802),
(8, 18, 100.00, NULL, 1482906280),
(9, 20, 50.00, NULL, 1482908812),
(10, 22, 50.00, NULL, 1482911128),
(11, 1, 100.00, NULL, 1483554868),
(12, 1, 10000.00, NULL, 1483587789),
(13, 2, 10000.00, NULL, 1483598577),
(14, 14, 1000.00, NULL, 1487499187),
(15, 14, 100.00, NULL, 1487499261),
(16, 20, 20.00, NULL, 1487835668),
(17, 20, 2000.00, NULL, 1487835745),
(18, 16, 2.00, NULL, 1487919234),
(19, 16, 3.00, NULL, 1487919565),
(20, 16, 5.00, NULL, 1487919575),
(21, 16, 50.00, NULL, 1488452485);

-- --------------------------------------------------------

--
-- 表的结构 `dd_chou`
--

CREATE TABLE IF NOT EXISTS `dd_chou` (
  `id` int(11) NOT NULL AUTO_INCREMENT,
  `user_id` int(11) DEFAULT NULL,
  `money` float(10,2) DEFAULT '0.00' COMMENT '扣除数量',
  `status` tinyint(3) DEFAULT '0' COMMENT '0未支付,1未开奖，2未中奖，3已中奖',
  `reward` float(10,2) DEFAULT NULL COMMENT '奖金',
  `reward_time` int(11) DEFAULT NULL COMMENT '开奖时间',
  `create_time` int(11) DEFAULT NULL,
  `payway` varchar(10) DEFAULT NULL COMMENT '支付方式',
  `paid` float(10,2) DEFAULT '0.00' COMMENT '已支付金额',
  `expense` float(10,2) DEFAULT '0.00' COMMENT '推荐奖',
  `nickname` varchar(255) DEFAULT NULL COMMENT '昵称',
  PRIMARY KEY (`id`)
) ENGINE=MyISAM DEFAULT CHARSET=utf8 AUTO_INCREMENT=1 ;

-- --------------------------------------------------------

--
-- 表的结构 `dd_config`
--

CREATE TABLE IF NOT EXISTS `dd_config` (
  `name` varchar(20) NOT NULL,
  `value` text NOT NULL
) ENGINE=MyISAM DEFAULT CHARSET=utf8;

--
-- 转存表中的数据 `dd_config`
--

INSERT INTO `dd_config` (`name`, `value`) VALUES
('user', 'a:2:{s:4:"name";s:5:"admin";s:4:"pass";s:32:"023e19a2ec6a211acbfeedf55a095753";}'),
('mp', 'a:6:{s:5:"gh_id";s:15:"gh_2b87a84b70c8";s:5:"appid";s:18:"wxa8696a19d3f9d88d";s:9:"appsecret";s:32:"71d552a58d20088e6b86a759cf0234c2";s:6:"mch_id";s:10:"1308842101";s:3:"key";s:32:"asdfghjkasdfghjkasdfghjkasdfghjk";s:4:"cert";s:47:"./Public/cert/09eda0d7a245e3ef798af7326594a0ce/";}'),
('site', 'a:14:{s:4:"name";s:9:"猜猜乐";s:7:"code_is";s:1:"1";s:8:"kaijiang";s:1:"2";s:6:"tixian";s:1:"1";s:7:"is_site";s:1:"1";s:3:"url";s:19:"http://hb.gntmg.com";s:9:"subscribe";s:24:"欢迎您关注猜猜乐";s:10:"land_price";s:2:"20";s:7:"expense";s:6:"8;3;2;";s:3:"tou";s:1:"2";s:4:"chou";s:1:"2";s:11:"chou_reward";s:2:"65";s:12:"chou_expense";s:2:"20";s:9:"chou_body";s:184:"<p>两元抽抽乐，支付2元、或2积分、余额、进行抽奖！每天晚上8点开奖一次！中奖者拿奖池65％奖金！20％推荐人，10％公司网站维护费！</p>";}'),
('withdraw', 'a:3:{s:9:"min_money";s:1:"1";s:9:"max_money";s:3:"200";s:8:"hand_fee";s:1:"0";}'),
('alipay', 'a:2:{s:3:"pid";s:16:"2088022369783222";s:3:"key";s:32:"zelcktc7hqf04zk2f9ze12c7cjb6cueg";}'),
('paiwei', 'a:5:{s:6:"points";s:2:"88";s:5:"fanli";s:3:"130";s:10:"lazy_money";s:1:"3";s:10:"lazy_level";s:2:"15";s:14:"streight_money";s:1:"5";}'),
('banner', 'a:1:{s:6:"config";a:0:{}}');

-- --------------------------------------------------------

--
-- 表的结构 `dd_expense`
--

CREATE TABLE IF NOT EXISTS `dd_expense` (
  `id` int(11) NOT NULL AUTO_INCREMENT,
  `user_id` int(11) DEFAULT NULL,
  `buyer_id` int(11) DEFAULT NULL,
  `money` float(10,2) DEFAULT '0.00',
  `create_time` int(11) DEFAULT NULL,
  `type` tinyint(3) DEFAULT NULL,
  `level` tinyint(3) DEFAULT NULL COMMENT '层级',
  PRIMARY KEY (`id`)
) ENGINE=MyISAM DEFAULT CHARSET=utf8 AUTO_INCREMENT=1 ;

-- --------------------------------------------------------

--
-- 表的结构 `dd_fantime`
--

CREATE TABLE IF NOT EXISTS `dd_fantime` (
  `id` int(11) NOT NULL AUTO_INCREMENT,
  `lasttime` varchar(30) NOT NULL,
  `shifei` int(11) NOT NULL,
  PRIMARY KEY (`id`)
) ENGINE=MyISAM  DEFAULT CHARSET=gbk AUTO_INCREMENT=2 ;

--
-- 转存表中的数据 `dd_fantime`
--

INSERT INTO `dd_fantime` (`id`, `lasttime`, `shifei`) VALUES
(1, '1483545600', 1483545600);

-- --------------------------------------------------------

--
-- 表的结构 `dd_fertilizer`
--

CREATE TABLE IF NOT EXISTS `dd_fertilizer` (
  `id` int(11) NOT NULL AUTO_INCREMENT,
  `name` varchar(255) DEFAULT NULL,
  `pic` varchar(255) DEFAULT NULL COMMENT '图片',
  `price` float(10,2) DEFAULT '0.00',
  `plant_id` int(11) DEFAULT NULL COMMENT '对应植物',
  `body` text COMMENT '介绍',
  `reward` float(10,2) DEFAULT '0.00' COMMENT '施肥 奖励',
  PRIMARY KEY (`id`)
) ENGINE=MyISAM  DEFAULT CHARSET=utf8 AUTO_INCREMENT=13 ;

--
-- 转存表中的数据 `dd_fertilizer`
--

INSERT INTO `dd_fertilizer` (`id`, `name`, `pic`, `price`, `plant_id`, `body`, `reward`) VALUES
(10, '金鹅饲料', './Public/upload/images/1701/05/113835808410001585.jpg', 300.00, 6, '<p>当天喂养饲料当天产生36枚金币收益</p>', 0.00),
(11, '金鸭饲料', './Public/upload/images/1701/05/113959560608003582.jpg', 30.00, 7, '<p>当天喂养饲料当天产生360枚金币收益</p>', 0.00),
(12, '金鸡饲料', './Public/upload/images/1701/05/114110071715003271.jpg', 1000.00, 4, '<p>当天喂养饲料当天产生1200枚金币收益</p>', 0.00);

-- --------------------------------------------------------

--
-- 表的结构 `dd_finance_log`
--

CREATE TABLE IF NOT EXISTS `dd_finance_log` (
  `id` int(11) NOT NULL AUTO_INCREMENT,
  `user_id` int(11) NOT NULL,
  `type` varchar(20) NOT NULL,
  `money` float(10,2) NOT NULL,
  `action` tinyint(4) NOT NULL,
  `create_time` int(11) NOT NULL,
  `remark` varchar(255) DEFAULT NULL,
  PRIMARY KEY (`id`)
) ENGINE=MyISAM DEFAULT CHARSET=utf8 AUTO_INCREMENT=1 ;

-- --------------------------------------------------------

--
-- 表的结构 `dd_kailog`
--

CREATE TABLE IF NOT EXISTS `dd_kailog` (
  `id` int(11) NOT NULL AUTO_INCREMENT,
  `starttime` int(11) NOT NULL,
  `endtime` int(11) NOT NULL,
  `allmoney` float(10,2) NOT NULL,
  `allnum` int(11) NOT NULL,
  `status` tinyint(2) NOT NULL COMMENT '1进行中 2结束',
  `kid1` float(10,2) NOT NULL,
  `kid2` float(10,2) NOT NULL,
  `kid3` float(10,2) NOT NULL,
  `kid4` float(10,2) NOT NULL,
  `kid5` float(10,2) NOT NULL,
  `kid6` float(10,2) NOT NULL,
  `da` float(10,2) NOT NULL,
  `xiao` float(10,2) NOT NULL,
  `isid` int(11) NOT NULL,
  `kongid` tinyint(4) NOT NULL,
  PRIMARY KEY (`id`),
  KEY `endtime` (`endtime`),
  KEY `starttime` (`starttime`),
  KEY `status` (`status`)
) ENGINE=MyISAM  DEFAULT CHARSET=utf8 AUTO_INCREMENT=79 ;

--
-- 转存表中的数据 `dd_kailog`
--

INSERT INTO `dd_kailog` (`id`, `starttime`, `endtime`, `allmoney`, `allnum`, `status`, `kid1`, `kid2`, `kid3`, `kid4`, `kid5`, `kid6`, `da`, `xiao`, `isid`, `kongid`) VALUES
(1, 1488452974, 1488453034, 0.00, 0, 2, 0.00, 0.00, 0.00, 0.00, 0.00, 0.00, 0.00, 0.00, 1, 0),
(2, 1488453054, 1488453114, 10.00, 0, 2, 0.00, 0.00, 0.00, 0.00, 0.00, 0.00, 0.00, 10.00, 6, 0),
(3, 1488453124, 1488453184, 0.00, 0, 2, 0.00, 0.00, 0.00, 0.00, 0.00, 0.00, 0.00, 0.00, 5, 0),
(4, 1488453197, 1488453257, 10.00, 0, 2, 1.00, 0.00, 0.00, 0.00, 0.00, 0.00, 0.00, 10.00, 6, 0),
(5, 1488453266, 1488453326, 0.00, 0, 2, 0.00, 0.00, 0.00, 0.00, 0.00, 0.00, 0.00, 0.00, 2, 2),
(6, 1488453736, 1488453796, 0.00, 0, 2, 0.00, 0.00, 0.00, 0.00, 0.00, 0.00, 0.00, 0.00, 2, 0),
(7, 1488455371, 1488455431, 0.00, 0, 2, 0.00, 0.00, 0.00, 0.00, 0.00, 0.00, 0.00, 0.00, 2, 0),
(8, 1488455560, 1488455620, 0.00, 0, 2, 0.00, 0.00, 0.00, 0.00, 0.00, 0.00, 0.00, 0.00, 1, 0),
(9, 1488455729, 1488455789, 0.00, 0, 2, 0.00, 0.00, 0.00, 0.00, 0.00, 0.00, 0.00, 0.00, 4, 0),
(10, 1488457037, 1488457097, 10.00, 0, 2, 0.00, 0.00, 0.00, 0.00, 0.00, 0.00, 0.00, 10.00, 6, 0),
(11, 1488457132, 1488457192, 0.00, 0, 2, 0.00, 0.00, 0.00, 0.00, 0.00, 0.00, 0.00, 0.00, 6, 0),
(12, 1488457653, 1488457713, 0.00, 0, 2, 0.00, 0.00, 0.00, 0.00, 0.00, 0.00, 0.00, 0.00, 6, 0),
(13, 1488458310, 1488458370, 0.00, 0, 2, 0.00, 0.00, 0.00, 0.00, 0.00, 0.00, 0.00, 0.00, 5, 0),
(14, 1488458464, 1488458524, 0.00, 0, 2, 0.00, 0.00, 0.00, 0.00, 0.00, 0.00, 0.00, 0.00, 5, 0),
(15, 1488458541, 1488458601, 0.00, 0, 2, 0.00, 0.00, 0.00, 0.00, 0.00, 0.00, 0.00, 0.00, 2, 0),
(16, 1488458730, 1488458790, 0.00, 0, 2, 0.00, 0.00, 0.00, 0.00, 0.00, 0.00, 0.00, 0.00, 6, 0),
(17, 1488458812, 1488458872, 0.00, 0, 2, 0.00, 0.00, 0.00, 0.00, 0.00, 0.00, 0.00, 0.00, 5, 0),
(18, 1488458996, 1488459056, 0.00, 0, 2, 0.00, 0.00, 0.00, 0.00, 0.00, 0.00, 0.00, 0.00, 6, 0),
(19, 1488459068, 1488459128, 0.00, 0, 2, 0.00, 0.00, 0.00, 0.00, 0.00, 0.00, 0.00, 0.00, 6, 0),
(20, 1488460370, 1488460430, 0.00, 0, 2, 0.00, 0.00, 0.00, 0.00, 0.00, 0.00, 0.00, 0.00, 5, 0),
(21, 1488462211, 1488462271, 0.00, 0, 2, 0.00, 0.00, 0.00, 0.00, 0.00, 0.00, 0.00, 0.00, 4, 0),
(22, 1488462292, 1488462352, 0.00, 0, 2, 0.00, 0.00, 0.00, 0.00, 0.00, 0.00, 0.00, 0.00, 2, 0),
(23, 1488462360, 1488462420, 0.00, 0, 2, 0.00, 0.00, 0.00, 0.00, 0.00, 0.00, 0.00, 0.00, 6, 0),
(24, 1488685333, 1488685393, 0.00, 0, 2, 0.00, 0.00, 0.00, 0.00, 0.00, 0.00, 0.00, 0.00, 2, 0),
(25, 1488685481, 1488685541, 0.00, 0, 2, 0.00, 0.00, 0.00, 0.00, 0.00, 0.00, 0.00, 0.00, 3, 0),
(26, 1488685638, 1488685698, 0.00, 0, 2, 0.00, 0.00, 0.00, 0.00, 0.00, 0.00, 0.00, 0.00, 2, 0),
(27, 1488685743, 1488685803, 0.00, 0, 2, 0.00, 0.00, 0.00, 0.00, 0.00, 0.00, 0.00, 0.00, 1, 0),
(28, 1488692006, 1488692066, 0.00, 0, 2, 0.00, 0.00, 0.00, 0.00, 0.00, 0.00, 0.00, 0.00, 4, 0),
(29, 1488692095, 1488692155, 0.00, 0, 2, 0.00, 0.00, 0.00, 0.00, 0.00, 0.00, 0.00, 0.00, 3, 0),
(30, 1488692167, 1488692227, 0.00, 0, 2, 0.00, 0.00, 0.00, 0.00, 0.00, 0.00, 0.00, 0.00, 1, 0),
(31, 1488700209, 1488700269, 0.00, 0, 2, 0.00, 0.00, 0.00, 0.00, 0.00, 0.00, 0.00, 0.00, 6, 0),
(32, 1488700280, 1488700340, 0.00, 0, 2, 0.00, 0.00, 0.00, 0.00, 0.00, 0.00, 0.00, 0.00, 6, 0),
(33, 1488700381, 1488700441, 0.00, 0, 2, 0.00, 0.00, 0.00, 0.00, 0.00, 0.00, 0.00, 0.00, 5, 0),
(34, 1488700448, 1488700508, 0.00, 0, 2, 0.00, 0.00, 0.00, 0.00, 0.00, 0.00, 0.00, 0.00, 5, 0),
(35, 1488703564, 1488703624, 0.00, 0, 2, 0.00, 0.00, 0.00, 0.00, 0.00, 0.00, 0.00, 0.00, 5, 0),
(36, 1488703673, 1488703733, 0.00, 0, 2, 0.00, 0.00, 0.00, 0.00, 0.00, 0.00, 0.00, 0.00, 4, 0),
(37, 1488703741, 1488703801, 0.00, 0, 2, 0.00, 0.00, 0.00, 0.00, 0.00, 0.00, 0.00, 0.00, 5, 0),
(38, 1488703845, 1488703905, 0.00, 0, 2, 0.00, 0.00, 0.00, 0.00, 0.00, 0.00, 0.00, 0.00, 4, 0),
(39, 1488944612, 1488944672, 0.00, 0, 2, 0.00, 0.00, 0.00, 0.00, 0.00, 0.00, 0.00, 0.00, 4, 0),
(40, 1488944677, 1488944737, 0.00, 0, 2, 0.00, 0.00, 0.00, 0.00, 0.00, 0.00, 0.00, 0.00, 6, 0),
(41, 1488944743, 1488944803, 0.00, 0, 2, 0.00, 0.00, 0.00, 0.00, 0.00, 0.00, 0.00, 0.00, 2, 0),
(42, 1488944905, 1488944965, 0.00, 0, 2, 0.00, 0.00, 0.00, 0.00, 0.00, 0.00, 0.00, 0.00, 2, 0),
(43, 1488945012, 1488945072, 0.00, 0, 2, 0.00, 0.00, 0.00, 0.00, 0.00, 0.00, 0.00, 0.00, 6, 0),
(44, 1488945103, 1488945163, 0.00, 0, 2, 0.00, 0.00, 0.00, 0.00, 0.00, 0.00, 0.00, 0.00, 6, 0),
(45, 1488945172, 1488945232, 0.00, 0, 2, 0.00, 0.00, 0.00, 0.00, 0.00, 0.00, 0.00, 0.00, 6, 0),
(46, 1488945248, 1488945308, 0.00, 0, 2, 0.00, 0.00, 0.00, 0.00, 0.00, 0.00, 0.00, 0.00, 5, 0),
(47, 1488945806, 1488945866, 0.00, 0, 2, 0.00, 0.00, 0.00, 0.00, 0.00, 0.00, 0.00, 0.00, 4, 0),
(48, 1488946124, 1488946184, 0.00, 0, 2, 0.00, 0.00, 0.00, 0.00, 0.00, 0.00, 0.00, 0.00, 1, 0),
(49, 1488946449, 1488946509, 0.00, 0, 2, 0.00, 0.00, 0.00, 0.00, 0.00, 0.00, 0.00, 0.00, 5, 0),
(50, 1488946701, 1488946761, 0.00, 0, 2, 0.00, 0.00, 0.00, 0.00, 0.00, 0.00, 0.00, 0.00, 1, 0),
(51, 1488946767, 1488946827, 0.00, 0, 2, 0.00, 0.00, 0.00, 0.00, 0.00, 0.00, 0.00, 0.00, 1, 0),
(52, 1488947876, 1488947936, 0.00, 0, 2, 0.00, 0.00, 0.00, 0.00, 0.00, 0.00, 0.00, 0.00, 1, 0),
(53, 1488948249, 1488948309, 0.00, 0, 2, 0.00, 0.00, 0.00, 0.00, 0.00, 0.00, 0.00, 0.00, 3, 0),
(54, 1488948562, 1488948622, 0.00, 0, 2, 0.00, 0.00, 0.00, 0.00, 0.00, 0.00, 0.00, 0.00, 3, 0),
(55, 1488948723, 1488948783, 0.00, 0, 2, 0.00, 0.00, 0.00, 0.00, 0.00, 0.00, 0.00, 0.00, 1, 0),
(56, 1488948874, 1488948934, 0.00, 0, 2, 0.00, 0.00, 0.00, 0.00, 0.00, 0.00, 0.00, 0.00, 1, 0),
(57, 1488949061, 1488949121, 0.00, 0, 2, 0.00, 0.00, 0.00, 0.00, 0.00, 0.00, 0.00, 0.00, 4, 0),
(58, 1488949129, 1488949189, 0.00, 0, 2, 0.00, 0.00, 0.00, 0.00, 0.00, 0.00, 0.00, 0.00, 4, 0),
(59, 1488949443, 1488949503, 0.00, 0, 2, 0.00, 0.00, 0.00, 0.00, 0.00, 0.00, 0.00, 0.00, 4, 0),
(60, 1488949570, 1488949630, 0.00, 0, 2, 0.00, 0.00, 0.00, 0.00, 0.00, 0.00, 0.00, 0.00, 1, 0),
(61, 1488953304, 1488953364, 0.00, 0, 2, 0.00, 0.00, 0.00, 0.00, 0.00, 0.00, 0.00, 0.00, 4, 0),
(62, 1489023149, 1489023209, 0.00, 0, 2, 0.00, 0.00, 0.00, 0.00, 0.00, 0.00, 0.00, 0.00, 2, 0),
(63, 1489023291, 1489023351, 0.00, 0, 2, 0.00, 0.00, 0.00, 0.00, 0.00, 0.00, 0.00, 0.00, 4, 0),
(64, 1489023381, 1489023441, 0.00, 0, 2, 0.00, 0.00, 0.00, 0.00, 0.00, 0.00, 0.00, 0.00, 3, 0),
(65, 1489043955, 1489044015, 0.00, 0, 2, 0.00, 0.00, 0.00, 0.00, 0.00, 0.00, 0.00, 0.00, 1, 0),
(66, 1489044042, 1489044102, 0.00, 0, 2, 0.00, 0.00, 0.00, 0.00, 0.00, 0.00, 0.00, 0.00, 4, 0),
(67, 1489044150, 1489044210, 0.00, 0, 2, 0.00, 0.00, 0.00, 0.00, 0.00, 0.00, 0.00, 0.00, 4, 0),
(68, 1489094833, 1489094893, 0.00, 0, 2, 0.00, 0.00, 0.00, 0.00, 0.00, 0.00, 0.00, 0.00, 2, 0),
(69, 1489094972, 1489095032, 0.00, 0, 2, 0.00, 0.00, 0.00, 0.00, 0.00, 0.00, 0.00, 0.00, 4, 0),
(70, 1489111078, 1489111138, 0.00, 0, 2, 0.00, 0.00, 0.00, 0.00, 0.00, 0.00, 0.00, 0.00, 1, 0),
(71, 1489125130, 1489125190, 0.00, 0, 2, 0.00, 0.00, 0.00, 0.00, 0.00, 0.00, 0.00, 0.00, 4, 0),
(72, 1489125223, 1489125283, 0.00, 0, 2, 0.00, 0.00, 0.00, 0.00, 0.00, 0.00, 0.00, 0.00, 4, 0),
(73, 1489125698, 1489125758, 0.00, 0, 2, 0.00, 0.00, 0.00, 0.00, 0.00, 0.00, 0.00, 0.00, 3, 0),
(74, 1489148221, 1489148281, 0.00, 0, 2, 0.00, 0.00, 0.00, 0.00, 0.00, 0.00, 0.00, 0.00, 2, 0),
(75, 1489208923, 1489208983, 0.00, 0, 2, 0.00, 0.00, 0.00, 0.00, 0.00, 0.00, 0.00, 0.00, 6, 0),
(76, 1489219657, 1489219717, 0.00, 0, 2, 0.00, 0.00, 0.00, 0.00, 0.00, 0.00, 0.00, 0.00, 3, 0),
(77, 1489238432, 1489238492, 0.00, 0, 2, 0.00, 0.00, 0.00, 0.00, 0.00, 0.00, 0.00, 0.00, 6, 0),
(78, 1489313369, 1489313429, 0.00, 0, 1, 0.00, 0.00, 0.00, 0.00, 0.00, 0.00, 0.00, 0.00, 0, 0);

-- --------------------------------------------------------

--
-- 表的结构 `dd_land`
--

CREATE TABLE IF NOT EXISTS `dd_land` (
  `id` int(11) NOT NULL AUTO_INCREMENT,
  `user_id` int(11) DEFAULT NULL,
  `sn` varchar(255) DEFAULT NULL COMMENT '订单号',
  `status` tinyint(3) DEFAULT '0' COMMENT '0未支付,1空闲，2已栽种',
  `plant_id` int(11) NOT NULL DEFAULT '0' COMMENT '对应的植物ID',
  `create_time` int(11) DEFAULT NULL COMMENT '购买时间',
  `last_plant_time` int(11) DEFAULT NULL COMMENT '最后种植时间',
  `payway` varchar(10) DEFAULT NULL COMMENT '支付方式',
  `paid` float(10,2) DEFAULT '0.00' COMMENT '已支付金额',
  `pay_time` int(11) DEFAULT NULL COMMENT '支付时间',
  `pay_param` text COMMENT '支付参数',
  `pay_param_expire` int(11) DEFAULT NULL COMMENT '支付参数有效期',
  PRIMARY KEY (`id`)
) ENGINE=MyISAM  DEFAULT CHARSET=utf8 AUTO_INCREMENT=37 ;

--
-- 转存表中的数据 `dd_land`
--

INSERT INTO `dd_land` (`id`, `user_id`, `sn`, `status`, `plant_id`, `create_time`, `last_plant_time`, `payway`, `paid`, `pay_time`, `pay_param`, `pay_param_expire`) VALUES
(1, 1, NULL, 1, 0, 1483554899, NULL, NULL, 0.00, NULL, NULL, NULL),
(2, 1, NULL, 1, 0, 1483554899, NULL, NULL, 0.00, NULL, NULL, NULL),
(3, 1, NULL, 1, 0, 1483554899, NULL, NULL, 0.00, NULL, NULL, NULL),
(4, 1, NULL, 1, 0, 1483554899, NULL, NULL, 0.00, NULL, NULL, NULL),
(5, 1, NULL, 1, 0, 1483554899, NULL, NULL, 0.00, NULL, NULL, NULL),
(6, 1, NULL, 1, 0, 1483554899, NULL, NULL, 0.00, NULL, NULL, NULL),
(7, 1, NULL, 2, 28, 1483554899, NULL, NULL, 0.00, NULL, NULL, NULL),
(8, 1, NULL, 1, 0, 1483554899, NULL, NULL, 0.00, NULL, NULL, NULL),
(9, 1, NULL, 1, 0, 1483554899, NULL, NULL, 0.00, NULL, NULL, NULL),
(10, 1, NULL, 1, 0, 1483554899, NULL, NULL, 0.00, NULL, NULL, NULL),
(11, 1, NULL, 1, 0, 1483554899, NULL, NULL, 0.00, NULL, NULL, NULL),
(12, 1, NULL, 1, 0, 1483554899, NULL, NULL, 0.00, NULL, NULL, NULL),
(13, 1, NULL, 1, 0, 1483554899, NULL, NULL, 0.00, NULL, NULL, NULL),
(14, 1, NULL, 1, 0, 1483554899, NULL, NULL, 0.00, NULL, NULL, NULL),
(15, 1, NULL, 1, 0, 1483554899, NULL, NULL, 0.00, NULL, NULL, NULL),
(16, 1, NULL, 1, 0, 1483554899, NULL, NULL, 0.00, NULL, NULL, NULL),
(17, 1, NULL, 1, 0, 1483554899, NULL, NULL, 0.00, NULL, NULL, NULL),
(18, 1, NULL, 1, 0, 1483554899, NULL, NULL, 0.00, NULL, NULL, NULL),
(19, 2, NULL, 1, 0, 1483598608, NULL, NULL, 0.00, NULL, NULL, NULL),
(20, 2, NULL, 1, 0, 1483598608, NULL, NULL, 0.00, NULL, NULL, NULL),
(21, 2, NULL, 1, 0, 1483598608, NULL, NULL, 0.00, NULL, NULL, NULL),
(22, 2, NULL, 1, 0, 1483598608, NULL, NULL, 0.00, NULL, NULL, NULL),
(23, 2, NULL, 1, 0, 1483598608, NULL, NULL, 0.00, NULL, NULL, NULL),
(24, 2, NULL, 1, 0, 1483598608, NULL, NULL, 0.00, NULL, NULL, NULL),
(25, 2, NULL, 1, 0, 1483598608, NULL, NULL, 0.00, NULL, NULL, NULL),
(26, 2, NULL, 1, 0, 1483598608, NULL, NULL, 0.00, NULL, NULL, NULL),
(27, 2, NULL, 1, 0, 1483598608, NULL, NULL, 0.00, NULL, NULL, NULL),
(28, 2, NULL, 1, 0, 1483598608, NULL, NULL, 0.00, NULL, NULL, NULL),
(29, 2, NULL, 1, 0, 1483598608, NULL, NULL, 0.00, NULL, NULL, NULL),
(30, 2, NULL, 1, 0, 1483598608, NULL, NULL, 0.00, NULL, NULL, NULL),
(31, 2, NULL, 1, 0, 1483598608, NULL, NULL, 0.00, NULL, NULL, NULL),
(32, 2, NULL, 1, 0, 1483598608, NULL, NULL, 0.00, NULL, NULL, NULL),
(33, 2, NULL, 1, 0, 1483598608, NULL, NULL, 0.00, NULL, NULL, NULL),
(34, 2, NULL, 1, 0, 1483598608, NULL, NULL, 0.00, NULL, NULL, NULL),
(35, 2, NULL, 1, 0, 1483598608, NULL, NULL, 0.00, NULL, NULL, NULL),
(36, 2, NULL, 1, 0, 1483598608, NULL, NULL, 0.00, NULL, NULL, NULL);

-- --------------------------------------------------------

--
-- 表的结构 `dd_pickup`
--

CREATE TABLE IF NOT EXISTS `dd_pickup` (
  `id` int(11) NOT NULL AUTO_INCREMENT,
  `user_id` int(11) DEFAULT NULL,
  `user_plant_id` int(11) DEFAULT NULL,
  `money` float(10,2) DEFAULT '0.00',
  `pickup_times` tinyint(3) DEFAULT '0',
  `create_time` int(11) DEFAULT NULL,
  `name` varchar(50) DEFAULT NULL,
  `plant_time` int(11) DEFAULT NULL,
  PRIMARY KEY (`id`)
) ENGINE=MyISAM  DEFAULT CHARSET=utf8 AUTO_INCREMENT=4 ;

--
-- 转存表中的数据 `dd_pickup`
--

INSERT INTO `dd_pickup` (`id`, `user_id`, `user_plant_id`, `money`, `pickup_times`, `create_time`, `name`, `plant_time`) VALUES
(1, 3, 2, 1200.00, 1, 1483650887, '金鸡', 1483614671),
(2, 3, 1, 60.00, 1, 1483650891, '金鸭', 1483614081),
(3, 3, 10, 360.00, 1, 1483650896, '金鹅', 1483615084);

-- --------------------------------------------------------

--
-- 表的结构 `dd_plant`
--

CREATE TABLE IF NOT EXISTS `dd_plant` (
  `id` int(11) NOT NULL AUTO_INCREMENT,
  `num` int(11) NOT NULL,
  `name` varchar(255) DEFAULT NULL COMMENT '名称',
  `pic` varchar(255) DEFAULT NULL COMMENT '图片',
  `price` float(10,2) DEFAULT '0.00' COMMENT '价格',
  `life_cycle` int(11) DEFAULT '0' COMMENT '生命周期(天)',
  `harvest_value` float(10,2) DEFAULT '0.00' COMMENT '收货价值',
  `body` text COMMENT '介绍',
  `can_tou` int(11) DEFAULT '0' COMMENT '可以被偷次数',
  PRIMARY KEY (`id`)
) ENGINE=MyISAM  DEFAULT CHARSET=utf8 COMMENT='植物' AUTO_INCREMENT=5 ;

--
-- 转存表中的数据 `dd_plant`
--

INSERT INTO `dd_plant` (`id`, `num`, `name`, `pic`, `price`, `life_cycle`, `harvest_value`, `body`, `can_tou`) VALUES
(1, 0, '香蕉', './Public/upload/images/1701/29/201157483867008534.png', 0.00, 0, 0.00, '', 0),
(2, 0, '西瓜', './Public/upload/images/1701/29/201218998820008841.png', 0.00, 0, 0.00, '', 0),
(3, 0, '苹果', './Public/upload/images/1701/29/201231501075002717.png', 0.00, 0, 0.00, '', 0);

-- --------------------------------------------------------

--
-- 表的结构 `dd_relation`
--

CREATE TABLE IF NOT EXISTS `dd_relation` (
  `id` int(11) NOT NULL AUTO_INCREMENT,
  `openid` varchar(255) DEFAULT NULL,
  `parent_id` int(11) DEFAULT '0',
  `create_time` int(11) DEFAULT '0' COMMENT '时间',
  PRIMARY KEY (`id`)
) ENGINE=MyISAM DEFAULT CHARSET=utf8 COMMENT='推荐关系' AUTO_INCREMENT=1 ;

-- --------------------------------------------------------

--
-- 表的结构 `dd_selfmenu`
--

CREATE TABLE IF NOT EXISTS `dd_selfmenu` (
  `id` tinyint(4) NOT NULL AUTO_INCREMENT,
  `name` varchar(20) NOT NULL,
  `extra` varchar(256) NOT NULL,
  `type` varchar(50) NOT NULL,
  `pid` tinyint(4) NOT NULL,
  `sort` int(11) NOT NULL,
  PRIMARY KEY (`id`)
) ENGINE=MyISAM  DEFAULT CHARSET=utf8 AUTO_INCREMENT=39 ;

--
-- 转存表中的数据 `dd_selfmenu`
--

INSERT INTO `dd_selfmenu` (`id`, `name`, `extra`, `type`, `pid`, `sort`) VALUES
(38, '二维码', 'http://hb.gntmg.com/index.php?m=&c=Index&a=usercode', 'view', 0, 0),
(28, '猜骰子', 'http://hb.gntmg.com', 'view', 0, 3),
(37, '个人中心', 'http://hb.gntmg.com/index.php?m=&c=Index&a=ucenter', 'view', 0, 0);

-- --------------------------------------------------------

--
-- 表的结构 `dd_sms_log`
--

CREATE TABLE IF NOT EXISTS `dd_sms_log` (
  `id` int(11) NOT NULL AUTO_INCREMENT,
  `mobile` text COMMENT '号码,可能是多个号码,所以使用text类型',
  `msg` varchar(255) DEFAULT NULL COMMENT '内容，一般不超过60字',
  `result` tinyint(3) DEFAULT '0' COMMENT '返回码，整形',
  `create_time` int(11) DEFAULT '0' COMMENT '发送时间',
  PRIMARY KEY (`id`)
) ENGINE=MyISAM  DEFAULT CHARSET=utf8 ROW_FORMAT=DYNAMIC AUTO_INCREMENT=373 ;

--
-- 转存表中的数据 `dd_sms_log`
--

INSERT INTO `dd_sms_log` (`id`, `mobile`, `msg`, `result`, `create_time`) VALUES
(1, NULL, '【智慧农场】您的短信验证码是：3612', -1, 1483628480),
(2, NULL, '【智慧农场】您的短信验证码是：5260', -1, 1485948524),
(3, '15239246937', '【智慧农场】您的短信验证码是：6487', 41, 1486205777),
(4, '15119935176', '【智慧农场】您的短信验证码是：3856', 41, 1486208296),
(5, '18318592590', '【智慧农场】您的短信验证码是：7559', 41, 1486209698),
(6, NULL, '【智慧农场】您的短信验证码是：3088', -1, 1486209766),
(7, NULL, '【智慧农场】您的短信验证码是：1017', -1, 1486209828),
(8, '18318592590', '【智慧农场】您的短信验证码是：8062', 41, 1486209901),
(9, '13153883026', '【智慧农场】您的短信验证码是：2179', 41, 1486212126),
(10, '13293895070', '【智慧农场】您的短信验证码是：6592', 41, 1486215404),
(11, '17608179912', '【智慧农场】您的短信验证码是：6081', 41, 1486217879),
(12, '18780776011', '【智慧农场】您的短信验证码是：5552', 41, 1486218025),
(13, '18780776011', '【智慧农场】您的短信验证码是：4852', 41, 1486218094),
(14, '18780776011', '【智慧农场】您的短信验证码是：5051', 41, 1486218107),
(15, '18780776012', '【智慧农场】您的短信验证码是：6059', 41, 1486219450),
(16, '13287336267', '【智慧农场】您的短信验证码是：2025', 41, 1486220035),
(17, '13323190527', '【智慧农场】您的短信验证码是：9474', 41, 1486221965),
(18, '13323190527', '【智慧农场】您的短信验证码是：9682', 41, 1486222310),
(19, '15141742443', '【智慧农场】您的短信验证码是：9920', 41, 1486222375),
(20, '13107382249', '【智慧农场】您的短信验证码是：5273', 41, 1486222399),
(21, '18136631558', '【智慧农场】您的短信验证码是：5699', 41, 1486222428),
(22, '13924813172', '【智慧农场】您的短信验证码是：6667', 41, 1486222451),
(23, '18136631558', '【智慧农场】您的短信验证码是：9284', 41, 1486222456),
(24, '18726161911', '【智慧农场】您的短信验证码是：9901', 41, 1486222462),
(25, '18877911304', '【智慧农场】您的短信验证码是：9166', 41, 1486222472),
(26, '15565637337', '【智慧农场】您的短信验证码是：8973', 41, 1486222505),
(27, '15959251137', '【智慧农场】您的短信验证码是：4436', 41, 1486222524),
(28, '15141742443', '【智慧农场】您的短信验证码是：8871', 41, 1486222528),
(29, '13308436691', '【智慧农场】您的短信验证码是：7016', 41, 1486222546),
(30, '15518713728', '【智慧农场】您的短信验证码是：1707', 41, 1486222546),
(31, '17605871219', '【智慧农场】您的短信验证码是：9043', 41, 1486222579),
(32, '13931040226', '【智慧农场】您的短信验证码是：9085', 41, 1486222678),
(33, '13680416658', '【智慧农场】您的短信验证码是：6545', 41, 1486222682),
(34, '17677353709', '【智慧农场】您的短信验证码是：6623', 41, 1486222699),
(35, NULL, '【智慧农场】您的短信验证码是：3162', -1, 1486222703),
(36, '13051660184', '【智慧农场】您的短信验证码是：3419', 41, 1486222725),
(37, '17677353709', '【智慧农场】您的短信验证码是：9133', 41, 1486222726),
(38, '13680416658', '【智慧农场】您的短信验证码是：7403', 41, 1486222738),
(39, '15595267919', '【智慧农场】您的短信验证码是：8292', 41, 1486222787),
(40, '17630044002', '【智慧农场】您的短信验证码是：8526', 41, 1486222852),
(41, '13924813462', '【智慧农场】您的短信验证码是：7794', 41, 1486222855),
(42, '18953330332', '【智慧农场】您的短信验证码是：7357', 41, 1486222856),
(43, '15595267919', '【智慧农场】您的短信验证码是：1745', 41, 1486222869),
(44, NULL, '【智慧农场】您的短信验证码是：4133', -1, 1486222874),
(45, '17897780219', '【智慧农场】您的短信验证码是：7833', 41, 1486222890),
(46, '13970140320', '【智慧农场】您的短信验证码是：8385', 41, 1486222899),
(47, '15595267919', '【智慧农场】您的短信验证码是：4636', 41, 1486222996),
(48, '17897780219', '【智慧农场】您的短信验证码是：3128', 41, 1486223013),
(49, '13924813462', '【智慧农场】您的短信验证码是：4949', 41, 1486223023),
(50, NULL, '【智慧农场】您的短信验证码是：5142', -1, 1486223031),
(51, NULL, '【智慧农场】您的短信验证码是：9427', -1, 1486223066),
(52, '15221869320', '【智慧农场】您的短信验证码是：7743', 41, 1486223070),
(53, '13924813462', '【智慧农场】您的短信验证码是：4910', 41, 1486223079),
(54, '15595267919', '【智慧农场】您的短信验证码是：6310', 41, 1486223130),
(55, '18846436740', '【智慧农场】您的短信验证码是：8139', 41, 1486223215),
(56, '18846436740', '【智慧农场】您的短信验证码是：1149', 41, 1486223236),
(57, '15959572230', '【智慧农场】您的短信验证码是：1809', 41, 1486223276),
(58, '15959572230', '【智慧农场】您的短信验证码是：1965', 41, 1486223339),
(59, '17775844265', '【智慧农场】您的短信验证码是：2856', 41, 1486223379),
(60, '15268611854', '【智慧农场】您的短信验证码是：3930', 41, 1486223382),
(61, '15268611854', '【智慧农场】您的短信验证码是：6305', 41, 1486223430),
(62, '17775844265', '【智慧农场】您的短信验证码是：4657', 41, 1486223514),
(63, '15390280865', '【智慧农场】您的短信验证码是：1949', 41, 1486223593),
(64, '15390280865', '【智慧农场】您的短信验证码是：4227', 41, 1486223612),
(65, '15884434500', '【智慧农场】您的短信验证码是：2025', 41, 1486223646),
(66, '18954319522', '【智慧农场】您的短信验证码是：6140', 41, 1486223755),
(67, '18954319522', '【智慧农场】您的短信验证码是：6108', 41, 1486223842),
(68, '18954319522', '【智慧农场】您的短信验证码是：5085', 41, 1486223876),
(69, '18846436740', '【智慧农场】您的短信验证码是：7242', 41, 1486223994),
(70, '13941129728', '【智慧农场】您的短信验证码是：3811', 41, 1486224013),
(71, '13277708746', '【智慧农场】您的短信验证码是：5329', 41, 1486224162),
(72, '18408269895', '【智慧农场】您的短信验证码是：9705', 41, 1486224296),
(73, '13164735593', '【智慧农场】您的短信验证码是：8122', 41, 1486224754),
(74, '15025460321', '【智慧农场】您的短信验证码是：1408', 41, 1486225448),
(75, '15025460321', '【智慧农场】您的短信验证码是：3816', 41, 1486225472),
(76, '18228613116', '【智慧农场】您的短信验证码是：4438', 41, 1486225641),
(77, '17607606894', '【智慧农场】您的短信验证码是：3000', 41, 1486225720),
(78, '17607606894', '【智慧农场】您的短信验证码是：6382', 41, 1486225744),
(79, '13188651615', '【智慧农场】您的短信验证码是：4594', 41, 1486225752),
(80, '13188651615', '【智慧农场】您的短信验证码是：3633', 41, 1486225837),
(81, '17605964427', '【智慧农场】您的短信验证码是：8303', 41, 1486226101),
(82, '18259180889', '【智慧农场】您的短信验证码是：5547', 41, 1486226120),
(83, '18353957716', '【智慧农场】您的短信验证码是：3629', 41, 1486226163),
(84, '13686985574', '【智慧农场】您的短信验证码是：5561', 41, 1486226248),
(85, '13640160948', '【智慧农场】您的短信验证码是：1418', 41, 1486226323),
(86, '15737228041', '【智慧农场】您的短信验证码是：2667', 41, 1486227612),
(87, '15268611854', '【智慧农场】您的短信验证码是：3822', 41, 1486227670),
(88, '18860341502', '【智慧农场】您的短信验证码是：2817', 41, 1486227860),
(89, '18860341502', '【智慧农场】您的短信验证码是：8468', 41, 1486227884),
(90, '15305000517', '【智慧农场】您的短信验证码是：3422', 41, 1486229773),
(91, '15200487253', '【智慧农场】您的短信验证码是：1256', 41, 1486231164),
(92, '152004872', '【智慧农场】您的短信验证码是：1903', 51, 1486231202),
(93, '18319320595', '【智慧农场】您的短信验证码是：1255', 41, 1486236146),
(94, '15620729188', '【智慧农场】您的短信验证码是：2870', 41, 1486236957),
(95, '13825848922', '【智慧农场】您的短信验证码是：7219', 41, 1486237711),
(96, '15554794981', '【智慧农场】您的短信验证码是：7506', 41, 1486244719),
(97, '15554794981', '【智慧农场】您的短信验证码是：6663', 41, 1486244801),
(98, '15554794981', '【智慧农场】您的短信验证码是：1694', 41, 1486244881),
(99, '15554794981', '【智慧农场】您的短信验证码是：5022', 41, 1486245857),
(100, '15066375042', '【智慧农场】您的短信验证码是：3608', 41, 1486245887),
(101, '18296691336', '【智慧农场】您的短信验证码是：2496', 41, 1486247696),
(102, '18296691336', '【智慧农场】您的短信验证码是：2226', 41, 1486247714),
(103, '17679183748', '【智慧农场】您的短信验证码是：5676', 41, 1486247741),
(104, '18519752940', '【智慧农场】您的短信验证码是：8799', 41, 1486249327),
(105, '13722068079', '【智慧农场】您的短信验证码是：7890', 41, 1486250095),
(106, '15576464106', '【智慧农场】您的短信验证码是：8997', 41, 1486252342),
(107, '15554794981', '【智慧农场】您的短信验证码是：2969', 41, 1486252482),
(108, '18337683148', '【智慧农场】您的短信验证码是：9562', 41, 1486252541),
(109, '130558894597', '【智慧农场】您的短信验证码是：6152', 51, 1486252897),
(110, '15030637894', '【智慧农场】您的短信验证码是：5508', 41, 1486253418),
(111, '18353957716', '【智慧农场】您的短信验证码是：8154', 41, 1486253484),
(112, '18954319522', '【智慧农场】您的短信验证码是：5085', 41, 1486253707),
(113, '18954319522', '【智慧农场】您的短信验证码是：6863', 41, 1486253881),
(114, '15878293991', '【智慧农场】您的短信验证码是：4163', 41, 1486254053),
(115, '17853933334', '【智慧农场】您的短信验证码是：9361', 41, 1486255263),
(116, '18650182609', '【智慧农场】您的短信验证码是：1641', 41, 1486255319),
(117, '18753148238', '【智慧农场】您的短信验证码是：6331', 41, 1486255782),
(118, '18282650347', '【智慧农场】您的短信验证码是：4705', 41, 1486256314),
(119, '18282650347', '【智慧农场】您的短信验证码是：2014', 41, 1486256335),
(120, '18238682109', '【智慧农场】您的短信验证码是：6581', 41, 1486256546),
(121, '15119177110', '【智慧农场】您的短信验证码是：3329', 41, 1486257893),
(122, '151191777110', '【智慧农场】您的短信验证码是：6107', 51, 1486257908),
(123, '17660622134', '【智慧农场】您的短信验证码是：8210', 41, 1486258181),
(124, '18827750907', '【智慧农场】您的短信验证码是：9553', 41, 1486258935),
(125, '18827750907', '【智慧农场】您的短信验证码是：1587', 41, 1486258972),
(126, '18827750907', '【智慧农场】您的短信验证码是：2959', 41, 1486259287),
(127, '18827750907', '【智慧农场】您的短信验证码是：1578', 41, 1486259320),
(128, '15892516224', '【智慧农场】您的短信验证码是：7951', 41, 1486259964),
(129, '15862791687', '【智慧农场】您的短信验证码是：5530', 41, 1486260871),
(130, '18423668601', '【智慧农场】您的短信验证码是：4616', 41, 1486261846),
(131, '15226077219', '【智慧农场】您的短信验证码是：5515', 41, 1486261899),
(132, '15908101179', '【智慧农场】您的短信验证码是：7314', 41, 1486262467),
(133, '15908101179', '【智慧农场】您的短信验证码是：3729', 41, 1486262498),
(134, '15544907936', '【智慧农场】您的短信验证码是：5868', 41, 1486262719),
(135, '15200379171', '【智慧农场】您的短信验证码是：2040', 41, 1486263044),
(136, '15200379171', '【智慧农场】您的短信验证码是：6016', 41, 1486263071),
(137, '15878410906', '【智慧农场】您的短信验证码是：8386', 41, 1486263333),
(138, '15878410906', '【智慧农场】您的短信验证码是：8173', 41, 1486263418),
(139, '15878410906', '【智慧农场】您的短信验证码是：8173', 41, 1486263443),
(140, '17853933334', '【智慧农场】您的短信验证码是：7334', 41, 1486263695),
(141, '13587731995', '【智慧农场】您的短信验证码是：7761', 41, 1486264060),
(142, '18369668087', '【智慧农场】您的短信验证码是：2602', 41, 1486266514),
(143, '18369668087', '【智慧农场】您的短信验证码是：3508', 41, 1486266581),
(144, '13924813172', '【智慧农场】您的短信验证码是：6609', 41, 1486271040),
(145, '18739433533', '【智慧农场】您的短信验证码是：9446', 41, 1486271664),
(146, '18739433533', '【智慧农场】您的短信验证码是：3954', 41, 1486271708),
(147, '18794583562', '【智慧农场】您的短信验证码是：1765', 41, 1486273186),
(148, '15919331741', '【智慧农场】您的短信验证码是：6663', 41, 1486273394),
(149, '15931331741', '【智慧农场】您的短信验证码是：1163', 41, 1486273490),
(150, '15919331741', '【智慧农场】您的短信验证码是：2904', 41, 1486273499),
(151, '15819692275', '【智慧农场】您的短信验证码是：4460', 41, 1486298213),
(152, '15819692275', '【智慧农场】您的短信验证码是：3424', 41, 1486298230),
(153, '15819692275', '【智慧农场】您的短信验证码是：1855', 41, 1486298264),
(154, '15819692276', '【智慧农场】您的短信验证码是：8227', 41, 1486298320),
(155, '15819692275', '【智慧农场】您的短信验证码是：1134', 41, 1486298404),
(156, '15239622940', '【智慧农场】您的短信验证码是：5639', 41, 1486298903),
(157, '13934144910', '【智慧农场】您的短信验证码是：3675', 41, 1486299028),
(158, '18635128268', '【智慧农场】您的短信验证码是：7055', 41, 1486299029),
(159, '15012625468', '【智慧农场】您的短信验证码是：8725', 41, 1486299061),
(160, '18354602874', '【智慧农场】您的短信验证码是：3509', 41, 1486299080),
(161, '18354602874', '【智慧农场】您的短信验证码是：7835', 41, 1486299112),
(162, '13728394002', '【智慧农场】您的短信验证码是：2713', 41, 1486299174),
(163, '15037180710', '【智慧农场】您的短信验证码是：2142', 41, 1486299194),
(164, '13728394002', '【智慧农场】您的短信验证码是：2529', 41, 1486299204),
(165, '13728394002', '【智慧农场】您的短信验证码是：1608', 41, 1486299253),
(166, '13934144910', '【智慧农场】您的短信验证码是：2723', 41, 1486299374),
(167, '13305206646', '【智慧农场】您的短信验证码是：9446', 41, 1486299378),
(168, '13305206646', '【智慧农场】您的短信验证码是：8629', 41, 1486299434),
(169, '17606169103', '【智慧农场】您的短信验证码是：5959', 41, 1486299452),
(170, '13078074184', '【智慧农场】您的短信验证码是：2017', 41, 1486299510),
(171, '13546594717', '【智慧农场】您的短信验证码是：9257', 41, 1486299563),
(172, '13546594717', '【智慧农场】您的短信验证码是：6977', 41, 1486299597),
(173, '13546594717', '【智慧农场】您的短信验证码是：6008', 41, 1486299703),
(174, '13364659121', '【智慧农场】您的短信验证码是：7984', 41, 1486299710),
(175, '13407685460', '【智慧农场】您的短信验证码是：7882', 41, 1486299760),
(176, '13407685460', '【智慧农场】您的短信验证码是：3015', 41, 1486299872),
(177, '18567562414', '【智慧农场】您的短信验证码是：7662', 41, 1486299920),
(178, '18790697161', '【智慧农场】您的短信验证码是：4272', 41, 1486299945),
(179, '15159073982', '【智慧农场】您的短信验证码是：6191', 41, 1486299950),
(180, '15159073982', '【智慧农场】您的短信验证码是：3068', 41, 1486299964),
(181, '15159073982', '【智慧农场】您的短信验证码是：2274', 41, 1486299986),
(182, '15159073982', '【智慧农场】您的短信验证码是：7870', 41, 1486300048),
(183, '13364659121', '【智慧农场】您的短信验证码是：1568', 41, 1486300085),
(184, '15159073982', '【智慧农场】您的短信验证码是：7861', 41, 1486300458),
(185, '18265595099', '【智慧农场】您的短信验证码是：2298', 41, 1486301067),
(186, '18653894110', '【智慧农场】您的短信验证码是：7113', 41, 1486303384),
(187, '18653894110', '【智慧农场】您的短信验证码是：7196', 41, 1486303422),
(188, '15884434500', '【智慧农场】您的短信验证码是：2889', 41, 1486304225),
(189, '15768606207', '【智慧农场】您的短信验证码是：6571', 41, 1486304265),
(190, '15768606207', '【智慧农场】您的短信验证码是：3453', 41, 1486304292),
(191, '13585818529', '【智慧农场】您的短信验证码是：6810', 41, 1486304360),
(192, '15768606207', '【智慧农场】您的短信验证码是：6696', 41, 1486304388),
(193, '13390778070', '【智慧农场】您的短信验证码是：9530', 41, 1486304410),
(194, '18783882687', '【智慧农场】您的短信验证码是：9224', 41, 1486304429),
(195, '13934144910', '【智慧农场】您的短信验证码是：9888', 41, 1486304430),
(196, '178978 0438', '【智慧农场】您的短信验证码是：2816', 0, 1486304472),
(197, '15090353320', '【智慧农场】您的短信验证码是：7489', 41, 1486304494),
(198, '13714343443', '【智慧农场】您的短信验证码是：7478', 41, 1486304500),
(199, '17683703770', '【智慧农场】您的短信验证码是：8904', 41, 1486304544),
(200, '18341325758', '【智慧农场】您的短信验证码是：5847', 41, 1486304564),
(201, '15530792034', '【智慧农场】您的短信验证码是：6509', 41, 1486304605),
(202, '15530792031', '【智慧农场】您的短信验证码是：5795', 41, 1486304632),
(203, '17683073770', '【智慧农场】您的短信验证码是：4650', 41, 1486304651),
(204, '18163070076', '【智慧农场】您的短信验证码是：7957', 41, 1486304697),
(205, '17620565564', '【智慧农场】您的短信验证码是：9150', 41, 1486304708),
(206, '15119177110', '【智慧农场】您的短信验证码是：4424', 41, 1486304780),
(207, '17776680746', '【智慧农场】您的短信验证码是：4150', 41, 1486304827),
(208, '15773586531', '【智慧农场】您的短信验证码是：2008', 41, 1486304838),
(209, '17683073770', '【智慧农场】您的短信验证码是：1293', 41, 1486304853),
(210, '18702694230', '【智慧农场】您的短信验证码是：7813', 41, 1486304860),
(211, '17776680746', '【智慧农场】您的短信验证码是：1639', 41, 1486304866),
(212, '15773586531', '【智慧农场】您的短信验证码是：3530', 41, 1486304877),
(213, NULL, '【智慧农场】您的短信验证码是：4081', -1, 1486304888),
(214, '15773586531', '【智慧农场】您的短信验证码是：3399', 41, 1486304905),
(215, '17776680746', '【智慧农场】您的短信验证码是：3533', 41, 1486304913),
(216, '18727227877', '【智慧农场】您的短信验证码是：9441', 41, 1486304913),
(217, NULL, '【智慧农场】您的短信验证码是：7613', -1, 1486304920),
(218, '18727227877', '【智慧农场】您的短信验证码是：1167', 41, 1486304947),
(219, '13518580950', '【智慧农场】您的短信验证码是：6962', 41, 1486304983),
(220, '18957568553', '【智慧农场】您的短信验证码是：6817', 41, 1486304990),
(221, '18003402036', '【智慧农场】您的短信验证码是：3011', 41, 1486305013),
(222, '18003402036', '【智慧农场】您的短信验证码是：6540', 41, 1486305052),
(223, '13585818529', '【智慧农场】您的短信验证码是：6072', 41, 1486305120),
(224, '13585818529', '【智慧农场】您的短信验证码是：3979', 41, 1486305148),
(225, '18182017967', '【智慧农场】您的短信验证码是：7497', 41, 1486305155),
(226, '15015879426', '【智慧农场】您的短信验证码是：3420', 41, 1486305267),
(227, '18561567692', '【智慧农场】您的短信验证码是：9408', 41, 1486305291),
(228, '18476303955', '【智慧农场】您的短信验证码是：4578', 41, 1486305296),
(229, '15223989338', '【智慧农场】您的短信验证码是：5570', 41, 1486305331),
(230, '15935911494', '【智慧农场】您的短信验证码是：9950', 41, 1486305388),
(231, '17681384900', '【智慧农场】您的短信验证码是：6301', 41, 1486305399),
(232, '15990809947', '【智慧农场】您的短信验证码是：5328', 41, 1486305401),
(233, '17776680746', '【智慧农场】您的短信验证码是：8597', 41, 1486305442),
(234, '15990809947', '【智慧农场】您的短信验证码是：7769', 41, 1486305461),
(235, '17681384900', '【智慧农场】您的短信验证码是：9501', 41, 1486305465),
(236, '18403562044', '【智慧农场】您的短信验证码是：5334', 41, 1486305496),
(237, '15990809947', '【智慧农场】您的短信验证码是：4175', 41, 1486305500),
(238, '18236145781', '【智慧农场】您的短信验证码是：2487', 41, 1486305528),
(239, '18403562044', '【智慧农场】您的短信验证码是：4339', 41, 1486305538),
(240, '15990809947', '【智慧农场】您的短信验证码是：3642', 41, 1486305551),
(241, '18236145781', '【智慧农场】您的短信验证码是：4899', 41, 1486305552),
(242, '18236145781', '【智慧农场】您的短信验证码是：7384', 41, 1486305568),
(243, '18325822176', '【智慧农场】您的短信验证码是：8674', 41, 1486305643),
(244, '13637283650', '【智慧农场】您的短信验证码是：3602', 41, 1486305671),
(245, '18476303955', '【智慧农场】您的短信验证码是：1793', 41, 1486305681),
(246, '17681283698', '【智慧农场】您的短信验证码是：8735', 41, 1486305785),
(247, '17681283698', '【智慧农场】您的短信验证码是：6607', 41, 1486305831),
(248, '15634405698', '【智慧农场】您的短信验证码是：6789', 41, 1486305841),
(249, '13655540685', '【智慧农场】您的短信验证码是：6208', 41, 1486305846),
(250, '15634405698', '【智慧农场】您的短信验证码是：3801', 41, 1486305861),
(251, '15556576252', '【智慧农场】您的短信验证码是：9980', 41, 1486305968),
(252, '15556576252', '【智慧农场】您的短信验证码是：2757', 41, 1486305996),
(253, '18508430160', '【智慧农场】您的短信验证码是：4536', 41, 1486306027),
(254, NULL, '【智慧农场】您的短信验证码是：2463', -1, 1486306051),
(255, '18508430160', '【智慧农场】您的短信验证码是：7133', 41, 1486306065),
(256, '13708067341', '【智慧农场】您的短信验证码是：5273', 41, 1486306106),
(257, '13579751656', '【智慧农场】您的短信验证码是：2581', 41, 1486306110),
(258, '13579751656', '【智慧农场】您的短信验证码是：6544', 41, 1486306132),
(259, '13708067341', '【智慧农场】您的短信验证码是：6199', 41, 1486306164),
(260, '18300413590', '【智慧农场】您的短信验证码是：5488', 41, 1486306307),
(261, '13640373023', '【智慧农场】您的短信验证码是：6311', 41, 1486306567),
(262, '18270516117', '【智慧农场】您的短信验证码是：6289', 41, 1486306945),
(263, '18270516117', '【智慧农场】您的短信验证码是：8693', 41, 1486306971),
(264, '1577358653', '【智慧农场】您的短信验证码是：9470', 51, 1486307189),
(265, '15773586531', '【智慧农场】您的短信验证码是：8376', 41, 1486307205),
(266, '17776680746', '【智慧农场】您的短信验证码是：9467', 41, 1486307397),
(267, '1877693464', '【智慧农场】您的短信验证码是：5662', 51, 1486307437),
(268, '18244879300', '【智慧农场】您的短信验证码是：3500', 41, 1486307583),
(269, '18244879300', '【智慧农场】您的短信验证码是：4618', 41, 1486307607),
(270, '18244879300', '【智慧农场】您的短信验证码是：9624', 41, 1486307671),
(271, NULL, '【智慧农场】您的短信验证码是：9631', -1, 1486307680),
(272, '18736515911', '【智慧农场】您的短信验证码是：2172', 41, 1486307845),
(273, '18736515911', '【智慧农场】您的短信验证码是：6637', 41, 1486307888),
(274, '18736515911', '【智慧农场】您的短信验证码是：9640', 41, 1486308005),
(275, '18813273628', '【智慧农场】您的短信验证码是：9787', 41, 1486308618),
(276, '18813273628', '【智慧农场】您的短信验证码是：3430', 41, 1486308651),
(277, '15220657295', '【智慧农场】您的短信验证码是：3466', 41, 1486308686),
(278, '188 1327 3628', '【智慧农场】您的短信验证码是：2550', 0, 1486308705),
(279, '15022391234', '【智慧农场】您的短信验证码是：6663', 41, 1486308742),
(280, NULL, '【智慧农场】您的短信验证码是：5833', -1, 1486308750),
(281, '188 1327 3628', '【智慧农场】您的短信验证码是：3645', 0, 1486308767),
(282, '18396046212', '【智慧农场】您的短信验证码是：8877', 41, 1486309761),
(283, '15773586531', '【智慧农场】您的短信验证码是：5760', 41, 1486310154),
(284, '15279002297', '【智慧农场】您的短信验证码是：8745', 41, 1486310952),
(285, '15982880116', '【智慧农场】您的短信验证码是：5812', 41, 1486310993),
(286, '15982880116', '【智慧农场】您的短信验证码是：2925', 41, 1486311067),
(287, '15982880116', '【智慧农场】您的短信验证码是：1148', 41, 1486311088),
(288, '18309380584', '【智慧农场】您的短信验证码是：9742', 41, 1486311639),
(289, '18284626348', '【智慧农场】您的短信验证码是：8519', 41, 1486312613),
(290, '18284626348', '【智慧农场】您的短信验证码是：5607', 41, 1486312650),
(291, '13699417725', '【智慧农场】您的短信验证码是：5287', 41, 1486312671),
(292, '15058013799', '【智慧农场】您的短信验证码是：8617', 41, 1486313803),
(293, '15235703461', '【智慧农场】您的短信验证码是：8231', 41, 1486313832),
(294, '15058013799', '【智慧农场】您的短信验证码是：9610', 41, 1486313835),
(295, '13233779275', '【智慧农场】您的短信验证码是：9192', 41, 1486314455),
(296, '13233779275', '【智慧农场】您的短信验证码是：8957', 41, 1486314472),
(297, '15294725634', '【智慧农场】您的短信验证码是：1219', 41, 1486314523),
(298, '13233779275', '【智慧农场】您的短信验证码是：8552', 41, 1486314871),
(299, '13131908445', '【智慧农场】您的短信验证码是：8560', 41, 1486315351),
(300, '15737354524', '【智慧农场】您的短信验证码是：4899', 41, 1486316788),
(301, '15737354524', '【智慧农场】您的短信验证码是：1329', 41, 1486316806),
(302, '15737354524', '【智慧农场】您的短信验证码是：5604', 41, 1486316832),
(303, '15084597861', '【智慧农场】您的短信验证码是：1353', 41, 1486317323),
(304, '15084597861', '【智慧农场】您的短信验证码是：9925', 41, 1486317944),
(305, '15084597861', '【智慧农场】您的短信验证码是：8004', 41, 1486317973),
(306, '18755502165', '【智慧农场】您的短信验证码是：1074', 41, 1486322714),
(307, '13184806554', '【智慧农场】您的短信验证码是：7160', 41, 1486327343),
(308, '13184806554', '【智慧农场】您的短信验证码是：2649', 41, 1486327367),
(309, '13531925309', '【智慧农场】您的短信验证码是：5788', 41, 1486327382),
(310, '15151648676', '【智慧农场】您的短信验证码是：7274', 41, 1486335113),
(311, NULL, '【智慧农场】您的短信验证码是：5176', -1, 1486339051),
(312, '17605964427', '【智慧农场】您的短信验证码是：2856', 41, 1486340122),
(313, '17605964427', '【智慧农场】您的短信验证码是：4861', 41, 1486340253),
(314, '13559215521', '【智慧农场】您的短信验证码是：3197', 41, 1486340280),
(315, '15180918641', '【智慧农场】您的短信验证码是：5558', 41, 1486340771),
(316, '1737390120', '【智慧农场】您的短信验证码是：3428', 51, 1486341594),
(317, '18832575627', '【智慧农场】您的短信验证码是：3114', 41, 1486342187),
(318, '13602110766', '【智慧农场】您的短信验证码是：9388', 41, 1486342830),
(319, '13544812024', '【智慧农场】您的短信验证码是：2767', 41, 1486343271),
(320, '3750382703', '【智慧农场】您的短信验证码是：8921', 51, 1486343960),
(321, '15132135726', '【智慧农场】您的短信验证码是：5047', 41, 1486346137),
(322, '15132135726', '【智慧农场】您的短信验证码是：1826', 41, 1486346230),
(323, '15132135726', '【智慧农场】您的短信验证码是：5671', 41, 1486346277),
(324, '13626986092', '【智慧农场】您的短信验证码是：1925', 41, 1486347303),
(325, '18719332221', '【智慧农场】您的短信验证码是：5600', 41, 1486348161),
(326, '18719332221', '【智慧农场】您的短信验证码是：8012', 41, 1486348186),
(327, '13112556666', '【智慧农场】您的短信验证码是：5040', 41, 1486348208),
(328, '18719332221', '【智慧农场】您的短信验证码是：9485', 41, 1486348230),
(329, '13626986092', '【智慧农场】您的短信验证码是：1730', 41, 1486348898),
(330, '13527900744', '【智慧农场】您的短信验证码是：1956', 41, 1486349500),
(331, '13750382703', '【智慧农场】您的短信验证码是：8851', 41, 1486355610),
(332, '18209380702', '【智慧农场】您的短信验证码是：1726', 41, 1486359844),
(333, NULL, '【智慧农场】您的短信验证码是：2482', -1, 1486360751),
(334, '18866984512', '【智慧农场】您的短信验证码是：8707', 41, 1486361562),
(335, '15163963256', '【智慧农场】您的短信验证码是：3048', 41, 1486361599),
(336, '15227514521', '【智慧农场】您的短信验证码是：8488', 41, 1486361793),
(337, '15076470209', '【智慧农场】您的短信验证码是：8266', 41, 1486361815),
(338, '18403562041', '【智慧农场】您的短信验证码是：1995', 41, 1486362162),
(339, '18436250737', '【智慧农场】您的短信验证码是：3794', 41, 1486362833),
(340, '18878779318', '【智慧农场】您的短信验证码是：8909', 41, 1486363058),
(341, '15019252950', '【智慧农场】您的短信验证码是：6561', 41, 1486363208),
(342, '17673451729', '【智慧农场】您的短信验证码是：4422', 41, 1486370305),
(343, '17674110419', '【智慧农场】您的短信验证码是：9701', 41, 1486371426),
(344, '17674110419', '【智慧农场】您的短信验证码是：6940', 41, 1486371450),
(345, '17674110419', '【智慧农场】您的短信验证码是：7934', 41, 1486371479),
(346, '13415214625', '【智慧农场】您的短信验证码是：9591', 41, 1486375158),
(347, NULL, '【智慧农场】您的短信验证码是：8822', -1, 1486375216),
(348, '15211399093', '【智慧农场】您的短信验证码是：6492', 41, 1486377294),
(349, '15211399093', '【智慧农场】您的短信验证码是：5069', 41, 1486377336),
(350, '18473443916', '【智慧农场】您的短信验证码是：2146', 41, 1486377344),
(351, '15211399093', '【智慧农场】您的短信验证码是：4144', 41, 1486377374),
(352, '15211399093', '【智慧农场】您的短信验证码是：9304', 41, 1486377407),
(353, '13467341750', '【智慧农场】您的短信验证码是：9329', 41, 1486377421),
(354, '13870842419', '【智慧农场】您的短信验证码是：4076', 41, 1486379344),
(355, '15224027109', '【智慧农场】您的短信验证码是：2415', 41, 1486381679),
(356, '15224027109', '【智慧农场】您的短信验证码是：7592', 41, 1486381709),
(357, NULL, '【智慧农场】您的短信验证码是：3624', -1, 1486387789),
(358, NULL, '【智慧农场】您的短信验证码是：6501', -1, 1486601903),
(359, NULL, '【智慧农场】您的短信验证码是：4211', -1, 1486718018),
(360, NULL, '【智慧农场】您的短信验证码是：8893', -1, 1486744806),
(361, NULL, '【智慧农场】您的短信验证码是：7097', -1, 1486771404),
(362, '18476694560', '【智慧农场】您的短信验证码是：6842', 0, 1486971504),
(363, '17683110112', '【智慧农场】您的短信验证码是：5645', 0, 1486971604),
(364, '18383199789', '【智慧农场】您的短信验证码是：7059', 0, 1487322442),
(365, '13103598345', '【智慧农场】您的短信验证码是：9567', 0, 1487323018),
(366, '17353510983', '【智慧农场】您的短信验证码是：5443', 0, 1487390760),
(367, '17353510983', '【智慧农场】您的短信验证码是：9414', 0, 1487437924),
(368, '17353510983', '【智慧农场】您的短信验证码是：6211', 0, 1487438006),
(369, '15279193337', '【智慧农场】您的短信验证码是：2524', 0, 1487498316),
(370, '18515519356', '【智慧农场】您的短信验证码是：1698', 0, 1487514939),
(371, '13161201610', '【闲来骰子】您的短信验证码是：4443', 0, 1488685610),
(372, '13712349107', '【闲来骰子】您的短信验证码是：2317', 0, 1488969495);

-- --------------------------------------------------------

--
-- 表的结构 `dd_tou`
--

CREATE TABLE IF NOT EXISTS `dd_tou` (
  `id` int(11) NOT NULL AUTO_INCREMENT,
  `user_id` int(11) DEFAULT NULL,
  `user_plant_id` int(11) DEFAULT NULL,
  `money` float(10,2) DEFAULT '0.00',
  `tou_times` tinyint(3) DEFAULT '0',
  `create_time` int(11) DEFAULT NULL,
  `name` varchar(50) DEFAULT NULL,
  `plant_time` int(11) DEFAULT NULL,
  PRIMARY KEY (`id`)
) ENGINE=MyISAM DEFAULT CHARSET=utf8 AUTO_INCREMENT=1 ;

-- --------------------------------------------------------

--
-- 表的结构 `dd_tou_log`
--

CREATE TABLE IF NOT EXISTS `dd_tou_log` (
  `id` int(11) NOT NULL AUTO_INCREMENT,
  `user_id` int(11) DEFAULT '0',
  `user_plant_id` int(11) DEFAULT NULL,
  `name` varchar(255) DEFAULT NULL,
  `friend_id` int(11) DEFAULT NULL,
  `money` float(10,2) DEFAULT '0.00' COMMENT '0',
  `create_time` int(11) DEFAULT NULL,
  PRIMARY KEY (`id`)
) ENGINE=MyISAM DEFAULT CHARSET=utf8 AUTO_INCREMENT=1 ;

-- --------------------------------------------------------

--
-- 表的结构 `dd_tree`
--

CREATE TABLE IF NOT EXISTS `dd_tree` (
  `id` int(11) NOT NULL AUTO_INCREMENT,
  `user_id` int(11) DEFAULT '0',
  `pos` int(11) DEFAULT '0' COMMENT '位置',
  `x` int(11) DEFAULT '0' COMMENT '层',
  `y` int(11) DEFAULT '0' COMMENT '列',
  `childs` int(11) DEFAULT '0' COMMENT '孩子数',
  `create_time` int(11) DEFAULT '0' COMMENT '时间',
  `parent` int(11) DEFAULT '0' COMMENT '父节点ID',
  `times` int(11) DEFAULT '0' COMMENT '第几次排位',
  `lazy_times` int(11) DEFAULT '0' COMMENT '普通见点奖次数',
  `team` int(11) DEFAULT '0' COMMENT '团队数',
  `level` tinyint(3) DEFAULT '0' COMMENT '节点等级，默认是0',
  `points` float(10,2) DEFAULT '0.00' COMMENT '消耗积分',
  PRIMARY KEY (`id`)
) ENGINE=MyISAM DEFAULT CHARSET=utf8 COMMENT='树形结构' AUTO_INCREMENT=1 ;

-- --------------------------------------------------------

--
-- 表的结构 `dd_user`
--

CREATE TABLE IF NOT EXISTS `dd_user` (
  `id` int(11) NOT NULL AUTO_INCREMENT,
  `login_name` varchar(32) DEFAULT '' COMMENT '登录名',
  `login_pass` varchar(32) DEFAULT '' COMMENT '密码',
  `openid` varchar(100) DEFAULT '',
  `nickname` varchar(20) DEFAULT '',
  `headimg` varchar(256) DEFAULT '',
  `mobile` varchar(20) NOT NULL,
  `sub_time` int(11) NOT NULL,
  `subscribe` tinyint(4) NOT NULL,
  `parent1` int(11) NOT NULL,
  `parent2` int(11) NOT NULL,
  `parent3` int(11) NOT NULL,
  `agent1` int(11) NOT NULL,
  `agent2` int(11) NOT NULL,
  `agent3` int(11) NOT NULL,
  `money` float(10,2) NOT NULL DEFAULT '0.00',
  `num` int(11) NOT NULL,
  `yingkui` float(10,2) NOT NULL,
  `points` float(10,2) DEFAULT '0.00' COMMENT '几分',
  `expense` float(10,2) NOT NULL DEFAULT '0.00' COMMENT '累计佣金',
  `withdraw` float(10,2) NOT NULL DEFAULT '0.00',
  `parent4` int(11) DEFAULT NULL,
  `parent5` int(11) DEFAULT NULL,
  `parent6` int(11) DEFAULT NULL,
  `parent7` int(11) DEFAULT NULL,
  `parent8` int(11) DEFAULT NULL,
  `parent9` int(11) DEFAULT NULL,
  `is_tong` tinyint(3) NOT NULL DEFAULT '0',
  `type` tinyint(2) NOT NULL,
  `yong` float(10,2) NOT NULL,
  `yongtime` int(11) NOT NULL,
  PRIMARY KEY (`id`)
) ENGINE=MyISAM  DEFAULT CHARSET=utf8 AUTO_INCREMENT=41 ;

--
-- 转存表中的数据 `dd_user`
--

INSERT INTO `dd_user` (`id`, `login_name`, `login_pass`, `openid`, `nickname`, `headimg`, `mobile`, `sub_time`, `subscribe`, `parent1`, `parent2`, `parent3`, `agent1`, `agent2`, `agent3`, `money`, `num`, `yingkui`, `points`, `expense`, `withdraw`, `parent4`, `parent5`, `parent6`, `parent7`, `parent8`, `parent9`, `is_tong`, `type`, `yong`, `yongtime`) VALUES
(1, '', '', 'oBZ4BsxKMulMOIc6eTob4_3nEu4E', '匿名', './Public/images/default-head.jpg', '', 1486720382, 0, 0, 0, 0, 0, 0, 0, 304.99, 0, 0.00, 0.00, 0.00, 0.00, NULL, NULL, NULL, NULL, NULL, NULL, 0, 2, 0.00, 0),
(2, '1341234789', '40967e54ba282fa9d2e6d3dc28769abd', '', '1341234789', './Public/images/default-head.jpg', '', 1486720430, 0, 0, 0, 0, 0, 0, 0, 999.98, 0, 0.00, 0.00, 0.00, 0.00, NULL, NULL, NULL, NULL, NULL, NULL, 0, 3, 0.00, 0),
(3, '', '', 'oBZ4BswnZnpABP4TfOjAtVUaIbmE', '匿名', './Public/images/default-head.jpg', '', 1486736011, 0, 0, 0, 0, 0, 0, 0, 0.00, 0, 0.00, 0.00, 0.00, 0.00, NULL, NULL, NULL, NULL, NULL, NULL, 0, 2, 0.00, 0),
(4, '', '', 'oBZ4BswlQg3nN10UzCn2v7WddQA4', '匿名', './Public/images/default-head.jpg', '', 1486736069, 0, 0, 0, 0, 0, 0, 0, 0.00, 0, 0.00, 0.00, 0.00, 0.00, NULL, NULL, NULL, NULL, NULL, NULL, 0, 2, 0.00, 0),
(5, '', '', 'oBZ4Bs7UJu8Yba3I3H1nbMNLiITs', '朱大龙', 'http://wx.qlogo.cn/mmopen/87o6e2AjTtwqibicTYrlVM7pZUic2ibZo2Zib4yKibjTObCBw2HFAI4XHgfRhVjrawdlzEAEMpsPQXdGN4cUBkLOqag5gEFQ7v5dVw/0', '', 1486736255, 0, 0, 0, 0, 0, 0, 0, 0.00, 0, 0.00, 0.00, 0.00, 0.00, NULL, NULL, NULL, NULL, NULL, NULL, 0, 2, 0.00, 0),
(9, '', '', 'oBZ4Bs0b1R_BVtbFWkjsvc0eiMqI', '匿名', './Public/images/default-head.jpg', '', 1486799520, 0, 1, 0, 0, 0, 0, 0, 0.00, 0, 0.00, 0.00, 0.00, 0.00, 0, NULL, NULL, NULL, NULL, NULL, 0, 2, 0.00, 0),
(10, '17683110112', '063c4b4e99840f029cf794e30e7c5392', '', '17683110112', './Public/images/default-head.jpg', '', 1486971632, 0, 0, 0, 0, 0, 0, 0, 0.00, 0, 0.00, 0.00, 0.00, 0.00, NULL, NULL, NULL, NULL, NULL, NULL, 0, 3, 0.00, 0),
(11, '18383199789', '5863d23f0022c8ffeef781c2e66bdc4f', '', '18383199789', './Public/images/default-head.jpg', '', 1487322468, 0, 0, 0, 0, 0, 0, 0, 0.00, 0, 0.00, 0.00, 0.00, 0.00, NULL, NULL, NULL, NULL, NULL, NULL, 0, 3, 0.00, 0),
(12, '13103598345', '24c260a449a4b9e6aab42c96cedc57ff', '', '13103598345', './Public/images/default-head.jpg', '', 1487323047, 0, 0, 0, 0, 0, 0, 0, 0.00, 0, 0.00, 0.00, 0.00, 0.00, NULL, NULL, NULL, NULL, NULL, NULL, 0, 3, 0.00, 0),
(13, '17353510983', '2b19bddea9930ec8d77a4ad64f0ee01a', '', '17353510983', './Public/images/default-head.jpg', '', 1487390808, 0, 0, 0, 0, 0, 0, 0, 0.00, 0, 0.00, 0.00, 0.00, 0.00, NULL, NULL, NULL, NULL, NULL, NULL, 0, 3, 0.00, 0),
(14, '15279193337', '51648e76ec7807bfeea6cf85637f220f', '', '15279193337', './Public/images/default-head.jpg', '', 1487498366, 0, 0, 0, 0, 0, 0, 0, 788.00, 0, 0.00, 0.00, 0.00, 0.00, NULL, NULL, NULL, NULL, NULL, NULL, 0, 3, 0.00, 0),
(15, '18515519356', 'b418b8cae2701c89d5154d16817a1224', '', '18515519356', './Public/images/default-head.jpg', '', 1487514961, 0, 0, 0, 0, 0, 0, 0, 0.00, 0, 0.00, 0.00, 0.00, 0.00, NULL, NULL, NULL, NULL, NULL, NULL, 0, 3, 0.00, 0),
(16, '', '', 'ot7yawdG3BGyUMky0atTS_3atXAM', 'CN-淇遇网', 'http://wx.qlogo.cn/mmopen/PiajxSqBRaELZDr94VtaYqcmib0Vc7lnC6jLvNoNbDLyJEzoNRDibibs5kbB1NDqHVE7ibYCUKY9V4U7LFERKWB9ykw/0', '', 1487659885, 0, 0, 0, 0, 0, 0, 0, 9.00, 0, 0.00, 0.00, 0.00, 1.00, NULL, NULL, NULL, NULL, NULL, NULL, 1, 2, 0.00, 0),
(17, '', '', 'ot7yawYtMUVJRuDkAjeDqiYXzR8E', '浦联', 'http://wx.qlogo.cn/mmopen/l1Puvu9hBl5ChXdWRXRf0mvMHicXvniboVc67hmD9HDA8Mr1454dSv4bKb4yualKjcics4To5BZ0M4eNLsDQcrcjrlBAiaNibktZX/0', '', 1487661805, 0, 0, 0, 0, 0, 0, 0, 0.00, 0, 0.00, 0.00, 0.00, 0.00, NULL, NULL, NULL, NULL, NULL, NULL, 1, 1, 0.00, 0),
(18, '', '', 'ot7yawU6kOu7Clq-ADxXMZfTNvtw', '匿名', './Public/images/default-head.jpg', '', 1487663169, 0, 16, 0, 0, 0, 0, 0, 0.00, 0, 0.00, 0.00, 0.00, 0.00, 0, NULL, NULL, NULL, NULL, NULL, 1, 2, 0.00, 0),
(19, '', '', 'ot7yawT5i3hp9_-u2uhas36L6ycI', '哈哈²⁰¹⁷', 'http://wx.qlogo.cn/mmopen/Q3auHgzwzM7j0XicicuXmSMygn285xBruMoSU13FkNJmyXZTYLMibIAL0wmhRrJFKf8Steh0kkjCdJHqFpsRle5flDcBLzXRWmEtDaHLydeEJw/0', '', 1487769645, 0, 0, 0, 0, 0, 0, 0, 0.00, 0, 0.00, 0.00, 0.00, 0.00, NULL, NULL, NULL, NULL, NULL, NULL, 0, 2, 0.00, 0),
(20, '', '', 'ot7yawZjbdNca65XEtpfFTGZX9fI', '匿名', './Public/images/default-head.jpg', '', 1487835487, 0, 16, 0, 0, 0, 0, 0, 0.00, 0, 0.00, 0.00, 0.00, 0.00, 0, NULL, NULL, NULL, NULL, NULL, 0, 2, 0.00, 0),
(21, '', '', 'ot7yawaU33Xr1cTiYGO0uVu4Zw9g', '匿名', './Public/images/default-head.jpg', '', 1488194538, 0, 16, 0, 0, 0, 0, 0, 0.00, 0, 0.00, 0.00, 0.00, 0.00, 0, NULL, NULL, NULL, NULL, NULL, 0, 2, 0.00, 0),
(22, '', '', 'ot7yawcEbvcQgPiAj0OmOeACKvWE', '匿名', './Public/images/default-head.jpg', '', 1488426224, 0, 0, 0, 0, 0, 0, 0, 0.00, 0, 0.00, 0.00, 0.00, 0.00, NULL, NULL, NULL, NULL, NULL, NULL, 0, 2, 0.00, 0),
(23, '', '', 'ot7yawfb0BvXRM_YD4bEjgZHSllE', '匿名', './Public/images/default-head.jpg', '', 1488426619, 0, 16, 0, 0, 0, 0, 0, 0.00, 0, 0.00, 0.00, 0.00, 0.00, 0, NULL, NULL, NULL, NULL, NULL, 0, 2, 0.00, 0),
(24, '', '', 'ot7yawZKcwfogg2FQ5hVvB__oEXg', '匿名', './Public/images/default-head.jpg', '', 1488427476, 0, 0, 0, 0, 0, 0, 0, 0.00, 0, 0.00, 0.00, 0.00, 0.00, NULL, NULL, NULL, NULL, NULL, NULL, 0, 2, 0.00, 0),
(25, '', '', 'ot7yawSWMr0nz5UuXdJCDOWRVjCE', '匿名', './Public/images/default-head.jpg', '', 1488462210, 0, 0, 0, 0, 0, 0, 0, 0.00, 0, 0.00, 0.00, 0.00, 0.00, NULL, NULL, NULL, NULL, NULL, NULL, 0, 2, 0.00, 0),
(26, '13161201610', '40967e54ba282fa9d2e6d3dc28769abd', '', '13161201610', './Public/images/default-head.jpg', '', 1488685632, 0, 0, 0, 0, 0, 0, 0, 0.00, 0, 0.00, 0.00, 0.00, 0.00, NULL, NULL, NULL, NULL, NULL, NULL, 0, 3, 0.00, 0),
(27, '', '', 'ot7yawXrOz8DFtqX6QFZA1nvVYLE', '匿名', './Public/images/default-head.jpg', '', 1488692006, 0, 0, 0, 0, 0, 0, 0, 0.00, 0, 0.00, 0.00, 0.00, 0.00, NULL, NULL, NULL, NULL, NULL, NULL, 0, 2, 0.00, 0),
(28, '', '', 'ot7yawQ1UlPSFHZ7pUTKAGVqi8vE', '匿名', './Public/images/default-head.jpg', '', 1488703673, 0, 0, 0, 0, 0, 0, 0, 0.00, 0, 0.00, 0.00, 0.00, 0.00, NULL, NULL, NULL, NULL, NULL, NULL, 0, 2, 0.00, 0),
(29, '', '', 'ot7yawUSAZXErmP5_gFeYBbLT6W4', '匿名', './Public/images/default-head.jpg', '', 1488703693, 0, 0, 0, 0, 0, 0, 0, 0.00, 0, 0.00, 0.00, 0.00, 0.00, NULL, NULL, NULL, NULL, NULL, NULL, 0, 2, 0.00, 0),
(30, '', '', 'ot7yawRUQxziA5Ak9fi8FTSdWcjc', '匿名', './Public/images/default-head.jpg', '', 1488945011, 0, 0, 0, 0, 0, 0, 0, 0.00, 0, 0.00, 0.00, 0.00, 0.00, NULL, NULL, NULL, NULL, NULL, NULL, 0, 2, 0.00, 0),
(31, '', '', 'ot7yawbcUATks8F0xorvfAuTr9KA', '匿名', './Public/images/default-head.jpg', '', 1488945179, 0, 0, 0, 0, 0, 0, 0, 0.00, 0, 0.00, 0.00, 0.00, 0.00, NULL, NULL, NULL, NULL, NULL, NULL, 0, 2, 0.00, 0),
(32, '', '', 'ot7yawU-LkpW1-hd3kOOwWbMxxwI', '匿名', './Public/images/default-head.jpg', '', 1488945806, 0, 0, 0, 0, 0, 0, 0, 0.00, 0, 0.00, 0.00, 0.00, 0.00, NULL, NULL, NULL, NULL, NULL, NULL, 0, 2, 0.00, 0),
(33, '', '', 'ot7yawbczsFgLmwFEhRq00JnhoSc', '匿名', './Public/images/default-head.jpg', '', 1488948249, 0, 0, 0, 0, 0, 0, 0, 0.00, 0, 0.00, 0.00, 0.00, 0.00, NULL, NULL, NULL, NULL, NULL, NULL, 0, 2, 0.00, 0),
(34, '', '', 'ot7yawT9cvOyAOncXd7sX1jzjGOU', '匿名', './Public/images/default-head.jpg', '', 1488948874, 0, 0, 0, 0, 0, 0, 0, 0.00, 0, 0.00, 0.00, 0.00, 0.00, NULL, NULL, NULL, NULL, NULL, NULL, 0, 2, 0.00, 0),
(35, '13712349107', '699e5aebc8bb86b842afe8806030f771', '', '13712349107', './Public/images/default-head.jpg', '', 1488969584, 0, 0, 0, 0, 0, 0, 0, 0.00, 0, 0.00, 0.00, 0.00, 0.00, NULL, NULL, NULL, NULL, NULL, NULL, 0, 3, 0.00, 0),
(36, '', '', 'ot7yawQDNDoH2d1ef-1fN3-2lTGg', '匿名', './Public/images/default-head.jpg', '', 1489094831, 0, 16, 0, 0, 0, 0, 0, 0.00, 0, 0.00, 0.00, 0.00, 0.00, 0, NULL, NULL, NULL, NULL, NULL, 0, 2, 0.00, 0),
(37, '', '', 'ot7yawe7hjsdu0zcxDKudbxmj3rc', '匿名', './Public/images/default-head.jpg', '', 1489111077, 0, 16, 0, 0, 0, 0, 0, 0.00, 0, 0.00, 0.00, 0.00, 0.00, 0, NULL, NULL, NULL, NULL, NULL, 0, 2, 0.00, 0),
(38, '', '', 'ot7yawVsvVPN3kPMS4NSeQkrjZ70', '匿名', './Public/images/default-head.jpg', '', 1489125129, 0, 16, 0, 0, 0, 0, 0, 0.00, 0, 0.00, 0.00, 0.00, 0.00, 0, NULL, NULL, NULL, NULL, NULL, 0, 2, 0.00, 0),
(39, '', '', 'ot7yawclblovaxvSdFGt8nd8zUF0', '匿名', './Public/images/default-head.jpg', '', 1489148221, 0, 16, 0, 0, 0, 0, 0, 0.00, 0, 0.00, 0.00, 0.00, 0.00, 0, NULL, NULL, NULL, NULL, NULL, 0, 2, 0.00, 0),
(40, '', '', 'ot7yawVoe7ZRxz5xhv3OS3-dT6ls', '₯㎕秦枫', 'http://wx.qlogo.cn/mmopen/u7XjCibm8b95WiaSpWyHYz5vTjaVmvJT2mf1IgkbvtTHDvE1SXMB4SG5NYpruLEic20aqYbGicQ3icUAOq7FgHdjkaWaacnEXYFGp/0', '', 1489238432, 0, 16, 0, 0, 0, 0, 0, 0.00, 0, 0.00, 0.00, 0.00, 0.00, 0, NULL, NULL, NULL, NULL, NULL, 0, 2, 0.00, 0);

-- --------------------------------------------------------

--
-- 表的结构 `dd_user_fertilizer`
--

CREATE TABLE IF NOT EXISTS `dd_user_fertilizer` (
  `id` int(11) NOT NULL AUTO_INCREMENT,
  `user_id` int(11) DEFAULT NULL,
  `name` varchar(255) DEFAULT NULL,
  `pic` varchar(255) DEFAULT NULL COMMENT '图片',
  `price` float(10,2) DEFAULT '0.00',
  `plant_id` int(11) DEFAULT NULL COMMENT '对应植物',
  `create_time` int(11) DEFAULT NULL COMMENT '购买时间',
  `status` tinyint(3) DEFAULT '0' COMMENT '0正常，1已使用',
  `use_time` int(11) DEFAULT NULL COMMENT '使用时间',
  `fertilizer_id` int(11) DEFAULT NULL,
  `user_plant_id` int(11) DEFAULT NULL COMMENT '对应的用户植物ID',
  `reward` float(10,2) DEFAULT '0.00' COMMENT '施肥奖励',
  `codeid` varchar(30) NOT NULL,
  PRIMARY KEY (`id`)
) ENGINE=MyISAM  DEFAULT CHARSET=utf8 AUTO_INCREMENT=9 ;

--
-- 转存表中的数据 `dd_user_fertilizer`
--

INSERT INTO `dd_user_fertilizer` (`id`, `user_id`, `name`, `pic`, `price`, `plant_id`, `create_time`, `status`, `use_time`, `fertilizer_id`, `user_plant_id`, `reward`, `codeid`) VALUES
(1, 3, '金鹅饲料', './Public/upload/images/1701/05/113835808410001585.jpg', 30.00, 6, 1483614095, 2, 1483615109, 10, 10, 0.00, '314836140958924'),
(2, 3, '金鸭饲料', './Public/upload/images/1701/05/113959560608003582.jpg', 300.00, 7, 1483614135, 2, 1483614148, 11, 1, 0.00, '314836141359418'),
(3, 3, '金鸡饲料', './Public/upload/images/1701/05/114110071715003271.jpg', 1000.00, 4, 1483614677, 2, 1483614702, 12, 2, 0.00, '31483614677136'),
(4, 2, '金鹅饲料', './Public/upload/images/1701/05/113835808410001585.jpg', 30.00, 6, 1483616175, 1, NULL, 10, NULL, 0.00, '314836161752731'),
(5, 2, '金鸭饲料', './Public/upload/images/1701/05/113959560608003582.jpg', 300.00, 7, 1483616196, 2, 1483616209, 11, 11, 0.00, '314836161963083'),
(6, 3, '金鹅饲料', './Public/upload/images/1701/05/113835808410001585.jpg', 30.00, 6, 1483616759, 0, NULL, 10, NULL, 0.00, '314836579257630'),
(7, 3, '金鸭饲料', './Public/upload/images/1701/05/113959560608003582.jpg', 30.00, 7, 1483617169, 0, NULL, 11, NULL, 0.00, '314836204826806'),
(8, 6, '金鹅饲料', './Public/upload/images/1701/05/113835808410001585.jpg', 300.00, 6, 1483622821, 0, NULL, 10, NULL, 0.00, '314836228218967');

-- --------------------------------------------------------

--
-- 表的结构 `dd_user_plant`
--

CREATE TABLE IF NOT EXISTS `dd_user_plant` (
  `id` int(11) NOT NULL AUTO_INCREMENT,
  `user_id` int(11) DEFAULT NULL,
  `plant_id` int(11) DEFAULT NULL,
  `name` varchar(255) DEFAULT NULL COMMENT '名称',
  `pic` varchar(255) DEFAULT NULL COMMENT '图片',
  `price` float(10,2) DEFAULT '0.00' COMMENT '价格',
  `life_cycle` int(11) DEFAULT '0' COMMENT '生命周期(天)',
  `harvest_value` float(10,2) DEFAULT '0.00' COMMENT '收货价值',
  `create_time` int(11) DEFAULT '0' COMMENT '创建时间',
  `last_fertilizy` int(11) DEFAULT NULL COMMENT '最后施肥时间',
  `last_pickup` int(11) DEFAULT NULL COMMENT '最后采摘时间',
  `status` tinyint(3) DEFAULT '0' COMMENT '0未支付，1正常，2以播种，3枯萎',
  `plant_time` int(11) DEFAULT NULL COMMENT '种植时间',
  `pickup_times` tinyint(3) DEFAULT '0' COMMENT '采摘次数',
  `last_tou` int(11) DEFAULT '0' COMMENT '最后偷菜时间',
  `tou_times` int(11) DEFAULT '0' COMMENT '偷菜次数',
  `life_time` int(11) DEFAULT '0' COMMENT '生命有效时间',
  `tou_day_times` int(11) DEFAULT '0' COMMENT '当天被偷次数',
  `can_tou` int(11) DEFAULT '0' COMMENT '可以被偷次数',
  `codeid` varchar(30) NOT NULL,
  PRIMARY KEY (`id`)
) ENGINE=MyISAM  DEFAULT CHARSET=utf8 COMMENT='植物' AUTO_INCREMENT=16 ;

--
-- 转存表中的数据 `dd_user_plant`
--

INSERT INTO `dd_user_plant` (`id`, `user_id`, `plant_id`, `name`, `pic`, `price`, `life_cycle`, `harvest_value`, `create_time`, `last_fertilizy`, `last_pickup`, `status`, `plant_time`, `pickup_times`, `last_tou`, `tou_times`, `life_time`, `tou_day_times`, `can_tou`, `codeid`) VALUES
(1, 3, 7, '金鸭', './Public/upload/images/1701/05/111556939654002763.png', 30.00, 10, 60.00, 1483614072, 1483614148, 1483650891, 2, 1483614081, 1, 0, 0, 1484478081, 0, 0, '2714836140729471'),
(2, 3, 4, '金鸡', './Public/upload/images/1701/05/112029843669002110.png', 1000.00, 10, 1200.00, 1483614662, 1483614702, 1483650887, 2, 1483614671, 1, 0, 0, 1484478671, 0, 0, '2414836146622442'),
(3, 1, 7, '金鸭', './Public/upload/images/1701/05/111556939654002763.png', 30.00, 10, 60.00, 1483614735, NULL, NULL, 2, 1483614743, 0, 0, 0, 1484478743, 0, 0, '2714836147355674'),
(4, 2, 7, '金鸭', './Public/upload/images/1701/05/111556939654002763.png', 30.00, 10, 60.00, 1483614845, NULL, NULL, 2, 1483614851, 0, 0, 0, 1484478851, 0, 0, '2714836148456214'),
(5, 2, 6, '金鹅', './Public/upload/images/1701/05/111710919263003259.png', 300.00, 10, 360.00, 1483614892, NULL, NULL, 2, 1483614898, 0, 0, 0, 1484478898, 0, 0, '2614836148924709'),
(6, 2, 4, '金鸡', './Public/upload/images/1701/05/112029843669002110.png', 1000.00, 10, 1200.00, 1483614905, NULL, NULL, 2, 1483614911, 0, 0, 0, 1484478911, 0, 0, '2414836149059165'),
(7, 2, 4, '金鸡', './Public/upload/images/1701/05/112029843669002110.png', 1000.00, 10, 1200.00, 1483615045, NULL, NULL, 3, NULL, 0, 0, 0, 0, 0, 0, '2414836150451817'),
(8, 3, 6, '金鹅', './Public/upload/images/1701/05/111710919263003259.png', 300.00, 10, 360.00, 1483615051, NULL, NULL, 3, NULL, 0, 0, 0, 0, 0, 0, '2614836150514353'),
(9, 2, 7, '金鸭', './Public/upload/images/1701/05/111556939654002763.png', 30.00, 10, 60.00, 1483615062, NULL, NULL, 2, 1483615068, 0, 0, 0, 1484479068, 0, 0, '271483615062180'),
(10, 3, 6, '金鹅', './Public/upload/images/1701/05/111710919263003259.png', 300.00, 10, 360.00, 1483615076, 1483615109, 1483650896, 3, 1483615084, 1, 0, 0, 1484479084, 0, 0, '2614836150766741'),
(11, 2, 7, '金鸭', './Public/upload/images/1701/05/111556939654002763.png', 30.00, 10, 60.00, 1483615394, 1483616209, NULL, 3, 1483615400, 0, 0, 0, 1484479400, 0, 0, '2714836153943083'),
(12, 1, 4, '金鸡', './Public/upload/images/1701/05/112029843669002110.png', 1000.00, 10, 1200.00, 1483615597, NULL, NULL, 3, 1483615605, 0, 0, 0, 1484479605, 0, 0, '2414836155978488'),
(13, 1, 7, '金鸭', './Public/upload/images/1701/05/111556939654002763.png', 30.00, 10, 60.00, 1483616844, NULL, NULL, 0, NULL, 0, 0, 0, 0, 0, 0, '271483616844516'),
(14, 1, 6, '金鹅', './Public/upload/images/1701/05/111710919263003259.png', 300.00, 10, 360.00, 1483616861, NULL, NULL, 0, NULL, 0, 0, 0, 0, 0, 0, '2614836169127564'),
(15, 1, 4, '金鸡', './Public/upload/images/1701/05/112029843669002110.png', 1000.00, 10, 1200.00, 1483616870, NULL, NULL, 0, NULL, 0, 0, 0, 0, 0, 0, '2414836168702079');

-- --------------------------------------------------------

--
-- 表的结构 `dd_withdraw_log`
--

CREATE TABLE IF NOT EXISTS `dd_withdraw_log` (
  `id` int(11) NOT NULL AUTO_INCREMENT,
  `user_id` int(11) DEFAULT NULL,
  `money` float(10,2) DEFAULT '0.00',
  `hand_fee` float(10,2) DEFAULT '0.00' COMMENT '手续费',
  `pay_result` tinyint(3) DEFAULT NULL COMMENT '支付结果',
  `create_time` int(11) DEFAULT '0',
  `status` tinyint(3) DEFAULT '0' COMMENT '0待发放,1已发放',
  `pay_time` int(11) DEFAULT '0' COMMENT '发放时间',
  `server_addr` varchar(20) DEFAULT NULL,
  `remote_addr` varchar(20) DEFAULT NULL,
  `return_code` varchar(255) DEFAULT NULL,
  `result_code` varchar(255) DEFAULT NULL,
  `return_msg` varchar(255) DEFAULT NULL,
  `err_code_des` varchar(255) DEFAULT NULL,
  `err_code` varchar(255) DEFAULT NULL,
  `payment_no` varchar(255) DEFAULT NULL,
  PRIMARY KEY (`id`)
) ENGINE=MyISAM  DEFAULT CHARSET=utf8 AUTO_INCREMENT=2 ;

--
-- 转存表中的数据 `dd_withdraw_log`
--

INSERT INTO `dd_withdraw_log` (`id`, `user_id`, `money`, `hand_fee`, `pay_result`, `create_time`, `status`, `pay_time`, `server_addr`, `remote_addr`, `return_code`, `result_code`, `return_msg`, `err_code_des`, `err_code`, `payment_no`) VALUES
(1, 16, 1.00, 0.00, NULL, 1488453748, 1, 0, '192.170.146.2', '114.242.248.125', NULL, NULL, NULL, NULL, NULL, NULL);

-- --------------------------------------------------------

--
-- 表的结构 `dd_wxpay_log`
--

CREATE TABLE IF NOT EXISTS `dd_wxpay_log` (
  `id` int(11) NOT NULL AUTO_INCREMENT,
  `type` tinyint(2) NOT NULL,
  `return_code` varchar(10) DEFAULT '',
  `result_code` varchar(10) DEFAULT '',
  `openid` varchar(100) DEFAULT '',
  `bank_type` varchar(20) DEFAULT '',
  `total_fee` float(10,2) DEFAULT NULL,
  `cash_fee` float(10,2) DEFAULT NULL,
  `transaction_id` varchar(100) DEFAULT '',
  `out_trade_no` varchar(100) DEFAULT '',
  `attach` text,
  `time_end` varchar(20) DEFAULT '',
  `log_time` int(11) DEFAULT '0',
  `is_gong` tinyint(2) NOT NULL,
  PRIMARY KEY (`id`)
) ENGINE=MyISAM  DEFAULT CHARSET=utf8 AUTO_INCREMENT=3 ;

--
-- 转存表中的数据 `dd_wxpay_log`
--

INSERT INTO `dd_wxpay_log` (`id`, `type`, `return_code`, `result_code`, `openid`, `bank_type`, `total_fee`, `cash_fee`, `transaction_id`, `out_trade_no`, `attach`, `time_end`, `log_time`, `is_gong`) VALUES
(1, 4, 'SUCCESS', 'SUCCESS', 'ot7yawdG3BGyUMky0atTS_3atXAM', 'CFT', 10.00, 10.00, '4002912001201703021962704237', '414884519592', NULL, '20170302185244', 1488451964, 0),
(2, 6, 'SUCCESS', 'SUCCESS', 'ot7yawUSAZXErmP5_gFeYBbLT6W4', 'CFT', 1000.00, 1000.00, '4008212001201703052333026642', '614887037531838', NULL, '20170305164920', 1488703761, 0);

/*!40101 SET CHARACTER_SET_CLIENT=@OLD_CHARACTER_SET_CLIENT */;
/*!40101 SET CHARACTER_SET_RESULTS=@OLD_CHARACTER_SET_RESULTS */;
/*!40101 SET COLLATION_CONNECTION=@OLD_COLLATION_CONNECTION */;
